poem_slug,date,author_name,rhyme,poem_title,poem_link,line_index,line_text,correct_last_word,choice_1,choice_2,choice_3,choice_4,choice_5,choice_6,no_choices,target_pos
alexander-pope-an-essay-on-man-epistle-i,01-15-2026,Alexander Pope,TRUE,An Essay on Man: Epistle I,https://www.poetryfoundation.org/poems/44899/an-essay-on-man-epistle-i,0,Hope springs eternal in the human breast:,breast:,west:,quest:,rest:,zest:,breast:,guest:,FALSE,NOUN
alexander-pope-an-essay-on-man-epistle-i,01-15-2026,Alexander Pope,TRUE,An Essay on Man: Epistle I,https://www.poetryfoundation.org/poems/44899/an-essay-on-man-epistle-i,1,"Man never is, but always to be blest:",blest:,lest:,nest:,best:,blest:,,,FALSE,ADJ
alexander-pope-an-essay-on-man-epistle-i,01-15-2026,Alexander Pope,TRUE,An Essay on Man: Epistle I,https://www.poetryfoundation.org/poems/44899/an-essay-on-man-epistle-i,2,"The soul, uneasy and confin'd from home,","home,","roam,","dome,","home,","foam,","comb,","rome,",FALSE,NOUN
alexander-pope-an-essay-on-man-epistle-i,01-15-2026,Alexander Pope,TRUE,An Essay on Man: Epistle I,https://www.poetryfoundation.org/poems/44899/an-essay-on-man-epistle-i,3,Rests and expatiates in a life to come.,come.,,,,,,,TRUE,VERB
alexander-pope-an-essay-on-man-epistle-i,01-15-2026,Alexander Pope,TRUE,An Essay on Man: Epistle I,https://www.poetryfoundation.org/poems/44899/an-essay-on-man-epistle-i,4,"Lo! the poor Indian, whose untutor'd mind",mind,blind,kind,mind,,,,FALSE,NOUN
alexander-pope-an-essay-on-man-epistle-i,01-15-2026,Alexander Pope,TRUE,An Essay on Man: Epistle I,https://www.poetryfoundation.org/poems/44899/an-essay-on-man-epistle-i,5,"Sees God in clouds, or hears him in the wind;",wind;,wind;,kind;,blind;,,,,FALSE,NOUN
alexander-pope-an-essay-on-man-epistle-i,01-15-2026,Alexander Pope,TRUE,An Essay on Man: Epistle I,https://www.poetryfoundation.org/poems/44899/an-essay-on-man-epistle-i,6,"His soul, proud science never taught to stray",stray,say,stray,,,,,FALSE,VERB
alexander-pope-an-essay-on-man-epistle-i,01-15-2026,Alexander Pope,TRUE,An Essay on Man: Epistle I,https://www.poetryfoundation.org/poems/44899/an-essay-on-man-epistle-i,7,"Far as the solar walk, or milky way;",way;,pay;,ray;,ole;,gray;,way;,sway;,FALSE,NOUN
alfred-lord-tennyson-in-memoriam-ahh-1849,12-30-2025,Alfred Lord Tennyson,TRUE,In Memoriam A.H.H. 1849,https://www.poetryfoundation.org/poems/45336/in-memoriam-a-h-h-obiit-mdcccxxxiii-27,0,The heart that never plighted troth,troth,growth,oath,troth,,,,FALSE,NOUN
alfred-lord-tennyson-in-memoriam-ahh-1849,12-30-2025,Alfred Lord Tennyson,TRUE,In Memoriam A.H.H. 1849,https://www.poetryfoundation.org/poems/45336/in-memoriam-a-h-h-obiit-mdcccxxxiii-27,1,"      But stagnates in the weeds of sloth,","sloth,","sloth,","growth,","oath,",,,,FALSE,NOUN
alfred-lord-tennyson-in-memoriam-ahh-1849,12-30-2025,Alfred Lord Tennyson,TRUE,In Memoriam A.H.H. 1849,https://www.poetryfoundation.org/poems/45336/in-memoriam-a-h-h-obiit-mdcccxxxiii-27,2,Nor any want-begotten rest.,rest.,guest.,quest.,west.,rest.,breast.,chest.,FALSE,NOUN
alfred-lord-tennyson-in-memoriam-ahh-1849,12-30-2025,Alfred Lord Tennyson,TRUE,In Memoriam A.H.H. 1849,https://www.poetryfoundation.org/poems/45336/in-memoriam-a-h-h-obiit-mdcccxxxiii-27,3,"I hold it true, whate’er befall,","befall,","install,","befall,","forestall,","recall,","baseball,",,FALSE,NOUN
alfred-lord-tennyson-in-memoriam-ahh-1849,12-30-2025,Alfred Lord Tennyson,TRUE,In Memoriam A.H.H. 1849,https://www.poetryfoundation.org/poems/45336/in-memoriam-a-h-h-obiit-mdcccxxxiii-27,4,"      I feel it, when I sorrow most;",most;,,,,,,,TRUE,ADV
alfred-lord-tennyson-in-memoriam-ahh-1849,12-30-2025,Alfred Lord Tennyson,TRUE,In Memoriam A.H.H. 1849,https://www.poetryfoundation.org/poems/45336/in-memoriam-a-h-h-obiit-mdcccxxxiii-27,5,‘Tis better to have loved and lost,lost,crossed,tossed,lost,,,,FALSE,VERB
alfred-lord-tennyson-in-memoriam-ahh-1849,12-30-2025,Alfred Lord Tennyson,TRUE,In Memoriam A.H.H. 1849,https://www.poetryfoundation.org/poems/45336/in-memoriam-a-h-h-obiit-mdcccxxxiii-27,6,Than never to have loved at all.,all.,,,,,,,TRUE,OTHER
alfred-lord-tennyson-in-memoriam-ring-out-wild-bells,02-02-2026,Alfred Lord Tennyson,FALSE,"In Memoriam,https://poets.org/poem/memoriam-ring-out-wild-bells, wild bells]",https://poets.org/poem/memoriam-ring-out-wild-bells,0,The year is dying in the night;,night;,night;,fight;,bite;,spite;,cite;,slight;,FALSE,NOUN
alfred-lord-tennyson-in-memoriam-ring-out-wild-bells,02-02-2026,Alfred Lord Tennyson,FALSE,"In Memoriam,https://poets.org/poem/memoriam-ring-out-wild-bells, wild bells]",https://poets.org/poem/memoriam-ring-out-wild-bells,1,"Ring out, wild bells, and let him die.",die.,die.,buy.,,,,,FALSE,VERB
alfred-lord-tennyson-in-memoriam-ring-out-wild-bells,02-02-2026,Alfred Lord Tennyson,FALSE,"In Memoriam,https://poets.org/poem/memoriam-ring-out-wild-bells, wild bells]",https://poets.org/poem/memoriam-ring-out-wild-bells,2,"Ring out the old, ring in the new,","new,","due,","few,","new,",,,,FALSE,ADJ
alfred-lord-tennyson-in-memoriam-ring-out-wild-bells,02-02-2026,Alfred Lord Tennyson,FALSE,"In Memoriam,https://poets.org/poem/memoriam-ring-out-wild-bells, wild bells]",https://poets.org/poem/memoriam-ring-out-wild-bells,3,"   Ring, happy bells, across the snow:",snow:,row:,joe:,foe:,blow:,snow:,grow:,FALSE,NOUN
alfred-lord-tennyson-in-memoriam-ring-out-wild-bells,02-02-2026,Alfred Lord Tennyson,FALSE,"In Memoriam,https://poets.org/poem/memoriam-ring-out-wild-bells, wild bells]",https://poets.org/poem/memoriam-ring-out-wild-bells,4,"   The year is going, let him go;",go;,go;,know;,slow;,,,,FALSE,VERB
alfred-lord-tennyson-in-memoriam-ring-out-wild-bells,02-02-2026,Alfred Lord Tennyson,FALSE,"In Memoriam,https://poets.org/poem/memoriam-ring-out-wild-bells, wild bells]",https://poets.org/poem/memoriam-ring-out-wild-bells,5,"Ring out the false, ring in the true.",true.,due.,few.,true.,,,,FALSE,ADJ
robert-burns-auld-lang-syne,12-29-2025,Robert Burns,TRUE,Auld Lang Syne,https://poets.org/poem/auld-lang-syne,0,"Should auld acquaintance be forgot,","forgot,",,,,,,,TRUE,VERB
robert-burns-auld-lang-syne,12-29-2025,Robert Burns,TRUE,Auld Lang Syne,https://poets.org/poem/auld-lang-syne,1,And never brought to mind?,mind?,signed?,lined?,find?,mind?,,,FALSE,VERB
robert-burns-auld-lang-syne,12-29-2025,Robert Burns,TRUE,Auld Lang Syne,https://poets.org/poem/auld-lang-syne,2,"Should auld acquaintance be forgot,","forgot,",,,,,,,TRUE,VERB
robert-burns-auld-lang-syne,12-29-2025,Robert Burns,TRUE,Auld Lang Syne,https://poets.org/poem/auld-lang-syne,3,And auld lang syne!,syne!,,,,,,,TRUE,NOUN
robert-burns-auld-lang-syne,12-29-2025,Robert Burns,TRUE,Auld Lang Syne,https://poets.org/poem/auld-lang-syne,4,Chorus:,Chorus:,Doris:,Chorus:,Morris:,Horace:,,,FALSE,NOUN
robert-burns-auld-lang-syne,12-29-2025,Robert Burns,TRUE,Auld Lang Syne,https://poets.org/poem/auld-lang-syne,5,"For auld lang syne, my dear,","dear,","tear,","spear,","queer,","deer,","greer,","dear,",FALSE,NOUN
robert-burns-auld-lang-syne,12-29-2025,Robert Burns,TRUE,Auld Lang Syne,https://poets.org/poem/auld-lang-syne,6,For auld lang syne.,syne.,,,,,,,TRUE,NOUN
robert-burns-auld-lang-syne,12-29-2025,Robert Burns,TRUE,Auld Lang Syne,https://poets.org/poem/auld-lang-syne,7,"     We’ll tak a cup o’ kindness yet,","yet,",,,,,,,TRUE,ADV
robert-burns-auld-lang-syne,12-29-2025,Robert Burns,TRUE,Auld Lang Syne,https://poets.org/poem/auld-lang-syne,8,For auld lang syne.,syne.,,,,,,,TRUE,NOUN
edna-st-vincent-millay-recuerdo,01-23-2026,Edna St. Vincent Millay,TRUE,Recuerdo,https://www.poetryfoundation.org/poems/44751/recuerdo,0,"We were very tired, we were very merry—",merry—,wary—,merry—,,,,,FALSE,ADJ
edna-st-vincent-millay-recuerdo,01-23-2026,Edna St. Vincent Millay,TRUE,Recuerdo,https://www.poetryfoundation.org/poems/44751/recuerdo,1,We had gone back and forth all night on the ferry;,ferry;,airy;,bury;,carey;,ferry;,harry;,berry;,FALSE,NOUN
edna-st-vincent-millay-recuerdo,01-23-2026,Edna St. Vincent Millay,TRUE,Recuerdo,https://www.poetryfoundation.org/poems/44751/recuerdo,2,"And you ate an apple, and I ate a pear,","pear,","heir,","air,","share,","square,","pear,","chair,",FALSE,NOUN
edna-st-vincent-millay-recuerdo,01-23-2026,Edna St. Vincent Millay,TRUE,Recuerdo,https://www.poetryfoundation.org/poems/44751/recuerdo,3,From a dozen of each we had bought somewhere;,somewhere;,nowhere;,elsewhere;,somewhere;,,,,FALSE,ADV
edna-st-vincent-millay-recuerdo,01-23-2026,Edna St. Vincent Millay,TRUE,Recuerdo,https://www.poetryfoundation.org/poems/44751/recuerdo,4,"And the sky went wan, and the wind came cold,","cold,","cold,","old,",,,,,FALSE,ADJ
edna-st-vincent-millay-recuerdo,01-23-2026,Edna St. Vincent Millay,TRUE,Recuerdo,https://www.poetryfoundation.org/poems/44751/recuerdo,5,"And the sun rose dripping, a bucketful of gold.",gold.,told.,fold.,mold.,gold.,hold.,bold.,FALSE,NOUN
alfred-lord-tennyson-ulysses,01-24-2026,Alfred Lord Tennyson,FALSE,Ulysses,https://www.poetryfoundation.org/poems/45392/ulysses,0,"It little profits that an idle king,","king,","king,","spring,","string,","thing,","ring,",,FALSE,NOUN
alfred-lord-tennyson-ulysses,01-24-2026,Alfred Lord Tennyson,FALSE,Ulysses,https://www.poetryfoundation.org/poems/45392/ulysses,1,"By this still hearth, among these barren crags,","crags,","flags,","rags,","bags,","crags,",,,FALSE,NOUN
alfred-lord-tennyson-ulysses,01-24-2026,Alfred Lord Tennyson,FALSE,Ulysses,https://www.poetryfoundation.org/poems/45392/ulysses,2,"Match'd with an aged wife, I mete and dole",dole,,,,,,,TRUE,VERB
alfred-lord-tennyson-ulysses,01-24-2026,Alfred Lord Tennyson,FALSE,Ulysses,https://www.poetryfoundation.org/poems/45392/ulysses,3,"Unequal laws unto a savage race,","race,","brace,","trace,","lace,","race,","base,","bass,",FALSE,NOUN
alfred-lord-tennyson-ulysses,01-24-2026,Alfred Lord Tennyson,FALSE,Ulysses,https://www.poetryfoundation.org/poems/45392/ulysses,4,"That hoard, and sleep, and feed, and know not me.",me.,she.,three.,me.,,,,FALSE,OTHER
alfred-lord-tennyson-ulysses,01-24-2026,Alfred Lord Tennyson,FALSE,Ulysses,https://www.poetryfoundation.org/poems/45392/ulysses,5,I cannot rest from travel: I will drink,drink,,,,,,,TRUE,VERB
alfred-lord-tennyson-ulysses,01-24-2026,Alfred Lord Tennyson,FALSE,Ulysses,https://www.poetryfoundation.org/poems/45392/ulysses,6,Life to the lees: All times I have enjoy'd,enjoy'd,,,,,,,TRUE,VERB
alfred-lord-tennyson-ulysses,01-24-2026,Alfred Lord Tennyson,FALSE,Ulysses,https://www.poetryfoundation.org/poems/45392/ulysses,7,"Greatly, have suffer'd greatly, both with those",those,,,,,,,TRUE,OTHER
alfred-lord-tennyson-ulysses,01-24-2026,Alfred Lord Tennyson,FALSE,Ulysses,https://www.poetryfoundation.org/poems/45392/ulysses,8,"That loved me, and alone, on shore, and when",when,,,,,,,TRUE,OTHER
alfred-lord-tennyson-ulysses,01-24-2026,Alfred Lord Tennyson,FALSE,Ulysses,https://www.poetryfoundation.org/poems/45392/ulysses,9,Thro' scudding drifts the rainy Hyades,Hyades,Companies,Bumblebees,Indices,Libraries,Liberties,Hyades,FALSE,NOUN
andrew-marvell-to-his-coy-mistress,12-27-2025,Andrew Marvell,TRUE,To His Coy Mistress,https://www.poetryfoundation.org/poems/44688/to-his-coy-mistress,0,"Had we but world enough and time,","time,","limes,","time,","dimes,",,,,FALSE,NOUN
andrew-marvell-to-his-coy-mistress,12-27-2025,Andrew Marvell,TRUE,To His Coy Mistress,https://www.poetryfoundation.org/poems/44688/to-his-coy-mistress,1,"This coyness, lady, were no crime.",crime.,teatime.,grime.,crime.,,,,FALSE,NOUN
andrew-marvell-to-his-coy-mistress,12-27-2025,Andrew Marvell,TRUE,To His Coy Mistress,https://www.poetryfoundation.org/poems/44688/to-his-coy-mistress,2,"We would sit down, and think which way",way,gay,way,sway,prey,play,ashtray,FALSE,NOUN
andrew-marvell-to-his-coy-mistress,12-27-2025,Andrew Marvell,TRUE,To His Coy Mistress,https://www.poetryfoundation.org/poems/44688/to-his-coy-mistress,3,"To walk, and pass our long love’s day.",day.,buffet.,day.,clay.,,,,FALSE,NOUN
andrew-marvell-to-his-coy-mistress,12-27-2025,Andrew Marvell,TRUE,To His Coy Mistress,https://www.poetryfoundation.org/poems/44688/to-his-coy-mistress,4,Thou by the Indian Ganges’ side,side,side,bride,slide,,,,FALSE,NOUN
andrew-marvell-to-his-coy-mistress,12-27-2025,Andrew Marvell,TRUE,To His Coy Mistress,https://www.poetryfoundation.org/poems/44688/to-his-coy-mistress,5,Shouldst rubies find; I by the tide,tide,ride,i'd,guide,bride,tide,eyed,FALSE,NOUN
andrew-marvell-to-his-coy-mistress,12-27-2025,Andrew Marvell,TRUE,To His Coy Mistress,https://www.poetryfoundation.org/poems/44688/to-his-coy-mistress,6,Of Humber would complain. I would,would,could,would,should,,,,FALSE,OTHER
andrew-marvell-to-his-coy-mistress,12-27-2025,Andrew Marvell,TRUE,To His Coy Mistress,https://www.poetryfoundation.org/poems/44688/to-his-coy-mistress,7,"Love you ten years before the flood,","flood,","mud,","flood,","blood,","stud,",,,FALSE,NOUN
andrew-marvell-to-his-coy-mistress,12-27-2025,Andrew Marvell,TRUE,To His Coy Mistress,https://www.poetryfoundation.org/poems/44688/to-his-coy-mistress,8,"And you should, if you please, refuse",refuse,,,,,,,TRUE,VERB
anne-bradstreet-to-my-dear-and-loving-husband,01-08-2026,Anne Bradstreet,TRUE,To my dear and loving husband,https://www.poetryfoundation.org/poems/43706/to-my-dear-and-loving-husband,0,"If ever two were one, then surely we.",we.,we.,she.,mon chéri.,,,,FALSE,OTHER
anne-bradstreet-to-my-dear-and-loving-husband,01-08-2026,Anne Bradstreet,TRUE,To my dear and loving husband,https://www.poetryfoundation.org/poems/43706/to-my-dear-and-loving-husband,1,"If ever man were loved by wife, then thee.",thee.,yipee.,thee.,he.,,,,FALSE,VERB
anne-bradstreet-to-my-dear-and-loving-husband,01-08-2026,Anne Bradstreet,TRUE,To my dear and loving husband,https://www.poetryfoundation.org/poems/43706/to-my-dear-and-loving-husband,2,"If ever wife was happy in a man,","man,","fan,","fran,","plan,","man,","flan,",,FALSE,NOUN
anne-bradstreet-to-my-dear-and-loving-husband,01-08-2026,Anne Bradstreet,TRUE,To my dear and loving husband,https://www.poetryfoundation.org/poems/43706/to-my-dear-and-loving-husband,3,"Compare with me, ye women, if you can.",can.,,,,,,,TRUE,OTHER
anne-bradstreet-to-my-dear-and-loving-husband,01-08-2026,Anne Bradstreet,TRUE,To my dear and loving husband,https://www.poetryfoundation.org/poems/43706/to-my-dear-and-loving-husband,4,"I prize thy love more than whole mines of gold,","gold,","leopold,","mold,","gold,",,,,FALSE,NOUN
anne-bradstreet-to-my-dear-and-loving-husband,01-08-2026,Anne Bradstreet,TRUE,To my dear and loving husband,https://www.poetryfoundation.org/poems/43706/to-my-dear-and-loving-husband,5,Or all the riches that the East doth hold.,hold.,hold.,told.,fold.,,,,FALSE,NOUN
ben-jonson-to-the-memory-of-my-beloved-the-author-mr-william-shakespeare,01-18-2026,Ben Jonson,FALSE,"To the Memory of My Beloved the Author,https://www.poetryfoundation.org/poems/44466/to-the-memory-of-my-beloved-the-author-mr-william-shakespeare,,0,I therefore will begin. Soul of the age!,age!,cage!,age!,page!,rage!,gauge!,wage!,FALSE,NOUN
ben-jonson-to-the-memory-of-my-beloved-the-author-mr-william-shakespeare,01-18-2026,Ben Jonson,FALSE,"To the Memory of My Beloved the Author,https://www.poetryfoundation.org/poems/44466/to-the-memory-of-my-beloved-the-author-mr-william-shakespeare,,1,"The applause, delight, the wonder of our stage!",stage!,rage!,cage!,stage!,wage!,page!,gauge!,FALSE,NOUN
ben-jonson-to-the-memory-of-my-beloved-the-author-mr-william-shakespeare,01-18-2026,Ben Jonson,FALSE,"To the Memory of My Beloved the Author,https://www.poetryfoundation.org/poems/44466/to-the-memory-of-my-beloved-the-author-mr-william-shakespeare,,2,"My Shakespeare, rise! I will not lodge thee by",by,by,why,try,,,,FALSE,OTHER
ben-jonson-to-the-memory-of-my-beloved-the-author-mr-william-shakespeare,01-18-2026,Ben Jonson,FALSE,"To the Memory of My Beloved the Author,https://www.poetryfoundation.org/poems/44466/to-the-memory-of-my-beloved-the-author-mr-william-shakespeare,,3,"Chaucer, or Spenser, or bid Beaumont lie",lie,pry,lie,die,guy,dry,fly,FALSE,NOUN
ben-jonson-to-the-memory-of-my-beloved-the-author-mr-william-shakespeare,01-18-2026,Ben Jonson,FALSE,"To the Memory of My Beloved the Author,https://www.poetryfoundation.org/poems/44466/to-the-memory-of-my-beloved-the-author-mr-william-shakespeare,,4,"A little further, to make thee a room:",room:,loom:,room:,groom:,gloom:,bloom:,boom:,FALSE,NOUN
ben-jonson-to-the-memory-of-my-beloved-the-author-mr-william-shakespeare,01-18-2026,Ben Jonson,FALSE,"To the Memory of My Beloved the Author,https://www.poetryfoundation.org/poems/44466/to-the-memory-of-my-beloved-the-author-mr-william-shakespeare,,5,"Thou art a monument without a tomb,","tomb,","bloom,","loom,","groom,","tomb,","boom,","gloom,",FALSE,NOUN
ben-jonson-to-the-memory-of-my-beloved-the-author-mr-william-shakespeare,01-18-2026,Ben Jonson,FALSE,"To the Memory of My Beloved the Author,https://www.poetryfoundation.org/poems/44466/to-the-memory-of-my-beloved-the-author-mr-william-shakespeare,,6,And art alive still while thy book doth live,live,,,,,,,TRUE,ADJ
ben-jonson-to-the-memory-of-my-beloved-the-author-mr-william-shakespeare,01-18-2026,Ben Jonson,FALSE,"To the Memory of My Beloved the Author,https://www.poetryfoundation.org/poems/44466/to-the-memory-of-my-beloved-the-author-mr-william-shakespeare,,7,And we have wits to read and praise to give.,give.,,,,,,,TRUE,VERB
billy-collins-snow-day,12-24-2025,Billy Collins,TRUE,Snow Day,https://www.poetryfoundation.org/poems/46712/snow-day,0,"But for now I am a willing prisoner in this house,","house,","mouse,","house,","blouse,","alehouse,","lighthouse,",,FALSE,NOUN
billy-collins-snow-day,12-24-2025,Billy Collins,TRUE,Snow Day,https://www.poetryfoundation.org/poems/46712/snow-day,1,a sympathizer with the anarchic cause of snow.,snow.,Joe.,blow.,woe.,snow.,pro football.,,FALSE,NOUN
billy-collins-snow-day,12-24-2025,Billy Collins,TRUE,Snow Day,https://www.poetryfoundation.org/poems/46712/snow-day,2,I will make a pot of tea,tea,green pea,dundee,knee,pleas,tea,,FALSE,NOUN
billy-collins-snow-day,12-24-2025,Billy Collins,TRUE,Snow Day,https://www.poetryfoundation.org/poems/46712/snow-day,3,"and listen to the plastic radio on the counter,","counter,",,,,,,,TRUE,NOUN
billy-collins-snow-day,12-24-2025,Billy Collins,TRUE,Snow Day,https://www.poetryfoundation.org/poems/46712/snow-day,4,as glad as anyone to hear the news,news,views,fuse,Ted Cruz,news,screws,,FALSE,NOUN
billy-collins-snow-day,12-24-2025,Billy Collins,FALSE,Snow Day,https://www.poetryfoundation.org/poems/46712/snow-day,5,"that the Kiddie Corner School is closed,","closed,","closed,","posed,","dozed,",,,,FALSE,VERB
billy-collins-snow-day,12-24-2025,Billy Collins,FALSE,Snow Day,https://www.poetryfoundation.org/poems/46712/snow-day,6,"the Ding-Dong School, closed.",closed.,posed.,closed.,dozed.,,,,FALSE,VERB
billy-collins-cheerios,12-25-2025,Billy Collins,TRUE,Cheerios,https://www.poetryfoundation.org/poems/146918/cheerios,0,One bright morning in a restaurant in Chicago,Chicago,Cicero,Chicago,New York,Overthrow,Tobacco,Staccato,FALSE,NOUN
billy-collins-cheerios,12-25-2025,Billy Collins,TRUE,Cheerios,https://www.poetryfoundation.org/poems/146918/cheerios,1,"as I waited for my eggs and toast,","toast,","ghost,","toast,","boast,","coast,","post,","host,",FALSE,NOUN
billy-collins-cheerios,12-25-2025,Billy Collins,TRUE,Cheerios,https://www.poetryfoundation.org/poems/146918/cheerios,2,I opened the Tribune only to discover,discover,,,,,,,TRUE,VERB
billy-collins-cheerios,12-25-2025,Billy Collins,TRUE,Cheerios,https://www.poetryfoundation.org/poems/146918/cheerios,3,that I was the same age as Cheerios.,Cheerios.,Lake Ontario.,,,,,,FALSE,NOUN
billy-collins-cheerios,12-25-2025,Billy Collins,TRUE,Cheerios,https://www.poetryfoundation.org/poems/146918/cheerios,4,"Indeed, I was a few months older than Cheerios",Cheerios,Lake Ontario.,,,,,,FALSE,NOUN
billy-collins-cheerios,12-25-2025,Billy Collins,TRUE,Cheerios,https://www.poetryfoundation.org/poems/146918/cheerios,5,"for today, the newspaper announced,","announced,","announced,","denounced,","pronounced,",,,,FALSE,VERB
billy-collins-cheerios,12-25-2025,Billy Collins,TRUE,Cheerios,https://www.poetryfoundation.org/poems/146918/cheerios,6,was the seventieth birthday of Cheerios,Cheerios,Lake Ontario.,,,,,,FALSE,NOUN
billy-collins-cheerios,12-25-2025,Billy Collins,TRUE,Cheerios,https://www.poetryfoundation.org/poems/146918/cheerios,7,whereas mine had occurred earlier in the year.,year.,spear.,year.,drear.,,,,FALSE,NOUN
claude-mckay-if-we-must-die,01-29-2026,Claude McKay,FALSE,If We Must Die,https://www.poetryfoundation.org/poems/44694/if-we-must-die,0,"If we must die, let it not be like hogs",hogs,,,,,,,TRUE,NOUN
claude-mckay-if-we-must-die,01-29-2026,Claude McKay,FALSE,If We Must Die,https://www.poetryfoundation.org/poems/44694/if-we-must-die,1,"Hunted and penned in an inglorious spot,","spot,","squat,","rot,","plot,","notte,","spot,","bought,",FALSE,NOUN
claude-mckay-if-we-must-die,01-29-2026,Claude McKay,FALSE,If We Must Die,https://www.poetryfoundation.org/poems/44694/if-we-must-die,2,"While round us bark the mad and hungry dogs,","dogs,",,,,,,,TRUE,NOUN
claude-mckay-if-we-must-die,01-29-2026,Claude McKay,FALSE,If We Must Die,https://www.poetryfoundation.org/poems/44694/if-we-must-die,3,Making their mock at our accursèd lot.,lot.,lot.,trot.,shot.,caught.,notte.,plot.,FALSE,NOUN
claude-mckay-if-we-must-die,01-29-2026,Claude McKay,FALSE,If We Must Die,https://www.poetryfoundation.org/poems/44694/if-we-must-die,4,"If we must die, O let us nobly die,","die,","buy,","die,",,,,,FALSE,VERB
claude-mckay-if-we-must-die,01-29-2026,Claude McKay,FALSE,If We Must Die,https://www.poetryfoundation.org/poems/44694/if-we-must-die,5,So that our precious blood may not be shed,shed,ted,sped,fred,fled,shed,led,FALSE,VERB
claude-mckay-if-we-must-die,01-29-2026,Claude McKay,FALSE,If We Must Die,https://www.poetryfoundation.org/poems/44694/if-we-must-die,6,In vain; then even the monsters we defy,defy,defy,apply,,,,,FALSE,VERB
claude-mckay-if-we-must-die,01-29-2026,Claude McKay,FALSE,If We Must Die,https://www.poetryfoundation.org/poems/44694/if-we-must-die,7,Shall be constrained to honor us though dead!,dead!,dead!,red!,,,,,FALSE,ADJ
ee-cummings-anyone-lived-in-a-pretty-how-town,01-17-2026,E.E. Cummings,FALSE,anyone lived in a pretty how town,https://www.poetryfoundation.org/poems/47249/anyone-lived-in-a-pretty-how-town,0,anyone lived in a pretty how town,town,brown,gown,town,crown,,,FALSE,NOUN
ee-cummings-anyone-lived-in-a-pretty-how-town,01-17-2026,E.E. Cummings,FALSE,anyone lived in a pretty how town,https://www.poetryfoundation.org/poems/47249/anyone-lived-in-a-pretty-how-town,1,(with up so floating many bells down),down),sound),noun),,,,,FALSE,ADV
ee-cummings-anyone-lived-in-a-pretty-how-town,01-17-2026,E.E. Cummings,FALSE,anyone lived in a pretty how town,https://www.poetryfoundation.org/poems/47249/anyone-lived-in-a-pretty-how-town,2,spring summer autumn winter,winter,spring,winter,june,,,,FALSE,NOUN
ee-cummings-anyone-lived-in-a-pretty-how-town,01-17-2026,E.E. Cummings,FALSE,anyone lived in a pretty how town,https://www.poetryfoundation.org/poems/47249/anyone-lived-in-a-pretty-how-town,3,he sang his didn’t he danced his did.,did.,,,,,,,TRUE,VERB
ee-cummings-anyone-lived-in-a-pretty-how-town,01-17-2026,E.E. Cummings,FALSE,anyone lived in a pretty how town,https://www.poetryfoundation.org/poems/47249/anyone-lived-in-a-pretty-how-town,4,Women and men(both little and small),small),tall),bald),,,,,FALSE,ADJ
ee-cummings-anyone-lived-in-a-pretty-how-town,01-17-2026,E.E. Cummings,FALSE,anyone lived in a pretty how town,https://www.poetryfoundation.org/poems/47249/anyone-lived-in-a-pretty-how-town,5,cared for anyone not at all,all,,,,,,,TRUE,OTHER
edgar-allen-poe-annabel-lee,01-11-2026,Edgar Allen Poe,TRUE,Annabel Lee,https://www.poetryfoundation.org/poems/44885/annabel-lee,0,"It was many and many a year ago,","ago,","or so,",,,,,,TRUE,ADV
edgar-allen-poe-annabel-lee,01-11-2026,Edgar Allen Poe,TRUE,Annabel Lee,https://www.poetryfoundation.org/poems/44885/annabel-lee,1,"   In a kingdom by the sea,","sea,","tree,","marquee,","fruit tea,","sea,","green pea,",,FALSE,NOUN
edgar-allen-poe-annabel-lee,01-11-2026,Edgar Allen Poe,TRUE,Annabel Lee,https://www.poetryfoundation.org/poems/44885/annabel-lee,2,That a maiden there lived whom you may know,know,slow,know,corw,,,,FALSE,VERB
edgar-allen-poe-annabel-lee,01-11-2026,Edgar Allen Poe,TRUE,Annabel Lee,https://www.poetryfoundation.org/poems/44885/annabel-lee,3,By the name of Annabel Lee;,Lee;,Fee;,Lee;,Plea;,Tee;,Key;,Knee;,FALSE,NOUN
edgar-allen-poe-annabel-lee,01-11-2026,Edgar Allen Poe,TRUE,Annabel Lee,https://www.poetryfoundation.org/poems/44885/annabel-lee,4,And this maiden she lived with no other thought,thought,pot,watt,blindspot,Camelot,thought,knot,FALSE,NOUN
edgar-allen-poe-annabel-lee,01-11-2026,Edgar Allen Poe,TRUE,Annabel Lee,https://www.poetryfoundation.org/poems/44885/annabel-lee,5,Than to love and be loved by me.,me.,three.,me.,Marie.,a fir tree.,Flea.,,FALSE,OTHER
edgar-allen-poe-the-raven,01-05-2026,Edgar Allen Poe,TRUE,The Raven,https://www.poetryfoundation.org/poems/48860/the-raven,0,"Once upon a midnight dreary, while I pondered, weak and weary,","weary,","bleary,","cheery,","weary,",,,,FALSE,ADJ
edgar-allen-poe-the-raven,01-05-2026,Edgar Allen Poe,TRUE,The Raven,https://www.poetryfoundation.org/poems/48860/the-raven,1,Over many a quaint and curious volume of forgotten lore—,lore—,bore—,lore—,stores—,,,,FALSE,VERB
edgar-allen-poe-the-raven,01-05-2026,Edgar Allen Poe,TRUE,The Raven,https://www.poetryfoundation.org/poems/48860/the-raven,2,"    While I nodded, nearly napping, suddenly there came a tapping,","tapping,","mapping,","tapping,","yapping,",,,,FALSE,NOUN
edgar-allen-poe-the-raven,01-05-2026,Edgar Allen Poe,TRUE,The Raven,https://www.poetryfoundation.org/poems/48860/the-raven,3,"As of some one gently rapping, rapping at my chamber door.",door.,chore.,dance floor.,door.,,,,FALSE,NOUN
edgar-allen-poe-the-raven,01-05-2026,Edgar Allen Poe,TRUE,The Raven,https://www.poetryfoundation.org/poems/48860/the-raven,4,"“’Tis some visitor,” I muttered, “tapping at my chamber door—",door—,door—,dance floor—,moore—,chore—,,,FALSE,NOUN
edgar-allen-poe-the-raven,01-05-2026,Edgar Allen Poe,TRUE,The Raven,https://www.poetryfoundation.org/poems/48860/the-raven,5,Only this and nothing more.”,more.”,"outdoor.""","more.""","hardcore.""",,,,FALSE,ADJ
edna-st-vincent-millay-first-fig,12-31-2025,Edna St. Vincent Millay,TRUE,First Fig,https://poets.org/poem/first-fig,0,My candle burns at both ends;,ends;,spends;,ends;,dividends;,,,,FALSE,NOUN
edna-st-vincent-millay-first-fig,12-31-2025,Edna St. Vincent Millay,TRUE,First Fig,https://poets.org/poem/first-fig,1,It will not last the night;,night;,spite;,bright;,night;,plight;,knight;,cite;,FALSE,NOUN
edna-st-vincent-millay-first-fig,12-31-2025,Edna St. Vincent Millay,TRUE,First Fig,https://poets.org/poem/first-fig,2,"But ah, my foes, and oh, my friends—",friends—,tends—,friends—,ex-boyfriends—,firenze—,,,FALSE,NOUN
edna-st-vincent-millay-first-fig,12-31-2025,Edna St. Vincent Millay,TRUE,First Fig,https://poets.org/poem/first-fig,3,It gives a lovely light!,light!,white!,light!,fright!,blight!,,,FALSE,ADJ
edna-st-vincent-millay-first-fig,01-13-2026,Edna St. Vincent Millay,TRUE,First Fig,https://poets.org/poem/first-fig,0,My candle burns at both ends;,ends;,spends;,ends;,dividends;,,,,FALSE,NOUN
edna-st-vincent-millay-first-fig,01-13-2026,Edna St. Vincent Millay,TRUE,First Fig,https://poets.org/poem/first-fig,1,It will not last the night;,night;,spite;,bright;,night;,plight;,knight;,cite;,FALSE,NOUN
edna-st-vincent-millay-first-fig,01-13-2026,Edna St. Vincent Millay,TRUE,First Fig,https://poets.org/poem/first-fig,2,"But ah, my foes, and oh, my friends—",friends—,tends—,friends—,ex-boyfriends—,firenze—,,,FALSE,NOUN
edna-st-vincent-millay-first-fig,01-13-2026,Edna St. Vincent Millay,TRUE,First Fig,https://poets.org/poem/first-fig,3,It gives a lovely light!,light!,white!,light!,fright!,blight!,,,FALSE,ADJ
edna-st-vincent-millay-what-lips-my-lips-have-kissed-and-where-and-why,01-16-2026,Edna St. Vincent Millay,TRUE,"What lips my lips have kissed,https://www.poetryfoundation.org/poems/44749/what-lips-my-lips-have-kissed-and-where-and-why, and why",,0,"What lips my lips have kissed, and where, and why,","why,","why,","sighs,","when,",,,,FALSE,OTHER
edna-st-vincent-millay-what-lips-my-lips-have-kissed-and-where-and-why,01-16-2026,Edna St. Vincent Millay,TRUE,"What lips my lips have kissed,https://www.poetryfoundation.org/poems/44749/what-lips-my-lips-have-kissed-and-where-and-why, and why",,1,"I have forgotten, and what arms have lain",lain,free rein,sprained,brain,lain,,,FALSE,NOUN
edna-st-vincent-millay-what-lips-my-lips-have-kissed-and-where-and-why,01-16-2026,Edna St. Vincent Millay,TRUE,"What lips my lips have kissed,https://www.poetryfoundation.org/poems/44749/what-lips-my-lips-have-kissed-and-where-and-why, and why",,2,Under my head till morning; but the rain,rain,reign,Spain,train,rain,crane,,FALSE,NOUN
edna-st-vincent-millay-what-lips-my-lips-have-kissed-and-where-and-why,01-16-2026,Edna St. Vincent Millay,TRUE,"What lips my lips have kissed,https://www.poetryfoundation.org/poems/44749/what-lips-my-lips-have-kissed-and-where-and-why, and why",,3,"Is full of ghosts tonight, that tap and sigh",sigh,lie,sigh,fly,shy,cry,,FALSE,NOUN
edna-st-vincent-millay-what-lips-my-lips-have-kissed-and-where-and-why,01-16-2026,Edna St. Vincent Millay,TRUE,"What lips my lips have kissed,https://www.poetryfoundation.org/poems/44749/what-lips-my-lips-have-kissed-and-where-and-why, and why",,4,"Upon the glass and listen for reply,","reply,","goodbyes,","supply,","reply,",,,,FALSE,NOUN
edna-st-vincent-millay-what-lips-my-lips-have-kissed-and-where-and-why,01-16-2026,Edna St. Vincent Millay,TRUE,"What lips my lips have kissed,https://www.poetryfoundation.org/poems/44749/what-lips-my-lips-have-kissed-and-where-and-why, and why",,5,And in my heart there stirs a quiet pain,pain,gain,vein,strain,pain,drain,,FALSE,NOUN
edna-st-vincent-millay-what-lips-my-lips-have-kissed-and-where-and-why,01-16-2026,Edna St. Vincent Millay,TRUE,"What lips my lips have kissed,https://www.poetryfoundation.org/poems/44749/what-lips-my-lips-have-kissed-and-where-and-why, and why",,6,For unremembered lads that not again,again,,,,,,,TRUE,ADV
edna-st-vincent-millay-what-lips-my-lips-have-kissed-and-where-and-why,01-16-2026,Edna St. Vincent Millay,TRUE,"What lips my lips have kissed,https://www.poetryfoundation.org/poems/44749/what-lips-my-lips-have-kissed-and-where-and-why, and why",,7,Will turn to me at midnight with a cry.,cry.,pie.,why.,cry.,sigh.,,,FALSE,NOUN
elizabeth-barrett-browning-how-do-i-love-thee-sonnet-43,01-07-2026,Elizabeth Barrett Browning,TRUE,How Do I Love Thee? (Sonnet 43),https://www.poetryfoundation.org/poems/44961/sonnets-from-the-portuguese-43-how-do-i-love-thee-let-me-count-the-ways,0,How do I love thee? Let me count the ways.,ways.,days.,strays.,ways.,days.,,,FALSE,NOUN
elizabeth-barrett-browning-how-do-i-love-thee-sonnet-43,01-07-2026,Elizabeth Barrett Browning,TRUE,How Do I Love Thee? (Sonnet 43),https://www.poetryfoundation.org/poems/44961/sonnets-from-the-portuguese-43-how-do-i-love-thee-let-me-count-the-ways,1,I love thee to the depth and breadth and height,height,height,slight,night,flight,,,FALSE,NOUN
elizabeth-barrett-browning-how-do-i-love-thee-sonnet-43,01-07-2026,Elizabeth Barrett Browning,TRUE,How Do I Love Thee? (Sonnet 43),https://www.poetryfoundation.org/poems/44961/sonnets-from-the-portuguese-43-how-do-i-love-thee-let-me-count-the-ways,2,"My soul can reach, when feeling out of sight",sight,flight,light,bite,fight,sight,,FALSE,NOUN
elizabeth-barrett-browning-how-do-i-love-thee-sonnet-43,01-07-2026,Elizabeth Barrett Browning,TRUE,How Do I Love Thee? (Sonnet 43),https://www.poetryfoundation.org/poems/44961/sonnets-from-the-portuguese-43-how-do-i-love-thee-let-me-count-the-ways,3,For the ends of being and ideal grace.,grace.,space.,trace.,pace.,grace.,brace.,place.,FALSE,NOUN
elizabeth-barrett-browning-how-do-i-love-thee-sonnet-43,01-07-2026,Elizabeth Barrett Browning,TRUE,How Do I Love Thee? (Sonnet 43),https://www.poetryfoundation.org/poems/44961/sonnets-from-the-portuguese-43-how-do-i-love-thee-let-me-count-the-ways,4,I love thee to the level of every day’s,day’s,,,,,,,TRUE,VERB
elizabeth-barrett-browning-how-do-i-love-thee-sonnet-43,01-07-2026,Elizabeth Barrett Browning,TRUE,How Do I Love Thee? (Sonnet 43),https://www.poetryfoundation.org/poems/44961/sonnets-from-the-portuguese-43-how-do-i-love-thee-let-me-count-the-ways,5,"Most quiet need, by sun and candle-light.",candle-light.,candle-light,sun-light,little sprites,,,,FALSE,NOUN
elizabeth-barrett-browning-how-do-i-love-thee-sonnet-43,01-07-2026,Elizabeth Barrett Browning,TRUE,How Do I Love Thee? (Sonnet 43),https://www.poetryfoundation.org/poems/44961/sonnets-from-the-portuguese-43-how-do-i-love-thee-let-me-count-the-ways,6,"I love thee freely, as men strive for right.",right.,bright.,headlight.,sulfite.,frostbite.,right.,,FALSE,NOUN
elizabeth-bishop-one-art,01-02-2026,Elizabeth Bishop,TRUE,One Art,https://www.poetryfoundation.org/poems/47536/one-art,0,The art of losing isn’t hard to master;,master;,plaster;,master;,to get past her;,,,,FALSE,VERB
elizabeth-bishop-one-art,01-02-2026,Elizabeth Bishop,TRUE,One Art,https://www.poetryfoundation.org/poems/47536/one-art,1,so many things seem filled with the intent,intent,intent,consent,event,present,dissent,,FALSE,NOUN
elizabeth-bishop-one-art,01-02-2026,Elizabeth Bishop,TRUE,One Art,https://www.poetryfoundation.org/poems/47536/one-art,2,to be lost that their loss is no disaster.,disaster.,,,,,,,TRUE,NOUN
elizabeth-bishop-one-art,01-02-2026,Elizabeth Bishop,TRUE,One Art,https://www.poetryfoundation.org/poems/47536/one-art,3,Lose something every day. Accept the fluster,fluster,bluster,fluster,cluster,,,,FALSE,NOUN
elizabeth-bishop-one-art,01-02-2026,Elizabeth Bishop,TRUE,One Art,https://www.poetryfoundation.org/poems/47536/one-art,4,"of lost door keys, the hour badly spent.",spent.,went.,spent.,dreamt.,,,,FALSE,VERB
elizabeth-bishop-one-art,01-02-2026,Elizabeth Bishop,TRUE,One Art,https://www.poetryfoundation.org/poems/47536/one-art,5,The art of losing isn’t hard to master.,master.,plaster.,master.,to get past her.,,,,TRUE,VERB
elizabeth-bishop-one-art,01-02-2026,Elizabeth Bishop,TRUE,One Art,https://www.poetryfoundation.org/poems/47536/one-art,6,"Then practice losing farther, losing faster:",faster:,faster:,laughter:,jasper:,,,,FALSE,ADV
elizabeth-bishop-one-art,01-02-2026,Elizabeth Bishop,TRUE,One Art,https://www.poetryfoundation.org/poems/47536/one-art,7,"places, and names, and where it was you meant",meant,meant,,,,,,FALSE,VERB
elizabeth-bishop-one-art,01-02-2026,Elizabeth Bishop,TRUE,One Art,https://www.poetryfoundation.org/poems/47536/one-art,8,to travel. None of these will bring disaster.,disaster.,disaster.,the pastor.,a hamster.,,,,TRUE,NOUN
emily-dickinson-im-nobody-who-are-you-260,01-22-2026,Emily Dickinson,TRUE,I’m Nobody! Who are you? (260),https://www.poetryfoundation.org/poems/52197/im-nobody-who-are-you-260,0,I’m Nobody! Who are you?,you?,two?,kangaroo?,you?,,,,FALSE,OTHER
emily-dickinson-im-nobody-who-are-you-260,01-22-2026,Emily Dickinson,TRUE,I’m Nobody! Who are you? (260),https://www.poetryfoundation.org/poems/52197/im-nobody-who-are-you-260,1,Are you – Nobody – too?,too?,as well?,too?,additionally?,,,,FALSE,ADV
emily-dickinson-im-nobody-who-are-you-260,01-22-2026,Emily Dickinson,TRUE,I’m Nobody! Who are you? (260),https://www.poetryfoundation.org/poems/52197/im-nobody-who-are-you-260,2,Then there’s a pair of us!,us!,us!,plus!,puss!,,,,FALSE,OTHER
emily-dickinson-im-nobody-who-are-you-260,01-22-2026,Emily Dickinson,TRUE,I’m Nobody! Who are you? (260),https://www.poetryfoundation.org/poems/52197/im-nobody-who-are-you-260,3,Don't tell! they'd advertise – you know!,know!,know!,slow!,,,,,FALSE,VERB
emily-dickinson-im-nobody-who-are-you-260,01-22-2026,Emily Dickinson,TRUE,I’m Nobody! Who are you? (260),https://www.poetryfoundation.org/poems/52197/im-nobody-who-are-you-260,4,How dreary – to be – Somebody!,Somebody!,Nobody!,Somebody!,Everybody!,,,,FALSE,NOUN
emily-dickinson-im-nobody-who-are-you-260,01-22-2026,Emily Dickinson,TRUE,I’m Nobody! Who are you? (260),https://www.poetryfoundation.org/poems/52197/im-nobody-who-are-you-260,5,How public – like a Frog–,Frog—,Dog—,Log—,Frog—,,,,TRUE,NOUN
emily-dickinson-im-nobody-who-are-you-260,01-22-2026,Emily Dickinson,TRUE,I’m Nobody! Who are you? (260),https://www.poetryfoundation.org/poems/52197/im-nobody-who-are-you-260,6,To tell one’s name – the livelong June–,,,,,,,,TRUE,NOUN
emily-dickinson-im-nobody-who-are-you-260,01-22-2026,Emily Dickinson,TRUE,I’m Nobody! Who are you? (260),https://www.poetryfoundation.org/poems/52197/im-nobody-who-are-you-260,7,To an admiring Bog!,Bog!,Dog!,Fog!,Bog!,,,,FALSE,NOUN
emily-dickinson-i-heard-a-fly-buzz---when-i-died,1-31-2025,Emily Dickinson,TRUE,I heard a Fly buzz - when I died -,https://www.poetryfoundation.org/poems/45703/i-heard-a-fly-buzz-when-i-died-591,0,I heard a Fly buzz - when I died-,died-,died-,lied-,cried-,,,,FALSE,VERB
emily-dickinson-i-heard-a-fly-buzz---when-i-died,1-31-2025,Emily Dickinson,TRUE,I heard a Fly buzz - when I died -,https://www.poetryfoundation.org/poems/45703/i-heard-a-fly-buzz-when-i-died-591,1,The Stillness in the Room,Room,Room,Tomb,Boom,Bloom,Gloom,,FALSE,NOUN
emily-dickinson-i-heard-a-fly-buzz---when-i-died,1-31-2025,Emily Dickinson,TRUE,I heard a Fly buzz - when I died -,https://www.poetryfoundation.org/poems/45703/i-heard-a-fly-buzz-when-i-died-591,2,Was like the Stillness in the Air-,Air-,Bear-,Air-,Chair-,,,,FALSE,NOUN
emily-dickinson-i-heard-a-fly-buzz---when-i-died,1-31-2025,Emily Dickinson,TRUE,I heard a Fly buzz - when I died -,https://www.poetryfoundation.org/poems/45703/i-heard-a-fly-buzz-when-i-died-591,3,Between the Heaves of Storm-,Storm-,Alarm-,Charm-,Storm-,,,,FALSE,NOUN
emily-dickinson-i-heard-a-fly-buzz---when-i-died,1-31-2025,Emily Dickinson,TRUE,I heard a Fly buzz - when I died -,https://www.poetryfoundation.org/poems/45703/i-heard-a-fly-buzz-when-i-died-591,4,The Eyes around - had wrung them dry-,dry-,dry-,by-,shy-,,,,FALSE,VERB
emily-dickinson-i-heard-a-fly-buzz---when-i-died,1-31-2025,Emily Dickinson,TRUE,I heard a Fly buzz - when I died -,https://www.poetryfoundation.org/poems/45703/i-heard-a-fly-buzz-when-i-died-591,5,And Breaths were gathering firm,firm,term,firm,,,,,FALSE,NOUN
emily-dickinson-i-heard-a-fly-buzz---when-i-died,1-31-2025,Emily Dickinson,TRUE,I heard a Fly buzz - when I died -,https://www.poetryfoundation.org/poems/45703/i-heard-a-fly-buzz-when-i-died-591,6,For that last Onset - when the King,King,King,Spring,Ring,Thing,,,FALSE,NOUN
emily-dickinson-i-heard-a-fly-buzz---when-i-died,1-31-2025,Emily Dickinson,TRUE,I heard a Fly buzz - when I died -,https://www.poetryfoundation.org/poems/45703/i-heard-a-fly-buzz-when-i-died-591,7,Be witnessed - in the Room-,Room-,Room-,Zoom-,Tomb-,,,,FALSE,NOUN
emily-dickinson-hope-is-the-thing-with-feathers,01-06-2026,Emily Dickinson,FALSE,“Hope” is the thing with feathers,https://www.poetryfoundation.org/poems/42889/hope-is-the-thing-with-feathers-314,0,“Hope” is the thing with feathers -,-,,,,,,,TRUE,NOUN
emily-dickinson-hope-is-the-thing-with-feathers,01-06-2026,Emily Dickinson,FALSE,“Hope” is the thing with feathers,https://www.poetryfoundation.org/poems/42889/hope-is-the-thing-with-feathers-314,1,That perches in the soul -,-,,,,,,,TRUE,NOUN
emily-dickinson-hope-is-the-thing-with-feathers,01-06-2026,Emily Dickinson,FALSE,“Hope” is the thing with feathers,https://www.poetryfoundation.org/poems/42889/hope-is-the-thing-with-feathers-314,2,And sings the tune without the words -,-,,,,,,,TRUE,NOUN
emily-dickinson-hope-is-the-thing-with-feathers,01-06-2026,Emily Dickinson,FALSE,“Hope” is the thing with feathers,https://www.poetryfoundation.org/poems/42889/hope-is-the-thing-with-feathers-314,3,And never stops - at all -,-,,,,,,,TRUE,OTHER
emily-dickinson-hope-is-the-thing-with-feathers,01-06-2026,Emily Dickinson,FALSE,“Hope” is the thing with feathers,https://www.poetryfoundation.org/poems/42889/hope-is-the-thing-with-feathers-314,4,And sweetest - in the Gale - is heard -,-,,,,,,,TRUE,VERB
emily-dickinson-hope-is-the-thing-with-feathers,01-06-2026,Emily Dickinson,FALSE,“Hope” is the thing with feathers,https://www.poetryfoundation.org/poems/42889/hope-is-the-thing-with-feathers-314,5,And sore must be the storm -,-,,,,,,,TRUE,NOUN
emily-dickinson-hope-is-the-thing-with-feathers,01-06-2026,Emily Dickinson,FALSE,“Hope” is the thing with feathers,https://www.poetryfoundation.org/poems/42889/hope-is-the-thing-with-feathers-314,6,That could abash the little Bird,Bird,Herd,Byrd,Word,Bird,,,FALSE,NOUN
emily-dickinson-hope-is-the-thing-with-feathers,01-06-2026,Emily Dickinson,FALSE,“Hope” is the thing with feathers,https://www.poetryfoundation.org/poems/42889/hope-is-the-thing-with-feathers-314,7,That kept so many warm -,-,,,,,,,TRUE,NOUN
ernest-dowson-vitae-summa-brevis-spem-nos-vetat-incohare-longam,01-01-2026,Ernest Dowson,TRUE,Vitae Summa Brevis Spem Nos Vetat Incohare Longam,https://www.poetryfoundation.org/poems/44367/vitae-summa-brevis-spem-nos-vetat-incohare-longam,0,"They are not long, the weeping and the laughter,","laughter,",,,,,,,TRUE,NOUN
ernest-dowson-vitae-summa-brevis-spem-nos-vetat-incohare-longam,01-01-2026,Ernest Dowson,TRUE,Vitae Summa Brevis Spem Nos Vetat Incohare Longam,https://www.poetryfoundation.org/poems/44367/vitae-summa-brevis-spem-nos-vetat-incohare-longam,1,Love and desire and hate:,hate:,freight:,Nate:,hate:,gait:,strait:,straight:,FALSE,NOUN
ernest-dowson-vitae-summa-brevis-spem-nos-vetat-incohare-longam,01-01-2026,Ernest Dowson,TRUE,Vitae Summa Brevis Spem Nos Vetat Incohare Longam,https://www.poetryfoundation.org/poems/44367/vitae-summa-brevis-spem-nos-vetat-incohare-longam,2,I think they have no portion in us after,after,,,,,,,TRUE,OTHER
ernest-dowson-vitae-summa-brevis-spem-nos-vetat-incohare-longam,01-01-2026,Ernest Dowson,TRUE,Vitae Summa Brevis Spem Nos Vetat Incohare Longam,https://www.poetryfoundation.org/poems/44367/vitae-summa-brevis-spem-nos-vetat-incohare-longam,3,We pass the gate.,gate.,straight.,wait.,ate.,Nate.,gate.,slate.,FALSE,NOUN
ernest-dowson-vitae-summa-brevis-spem-nos-vetat-incohare-longam,01-01-2026,Ernest Dowson,TRUE,Vitae Summa Brevis Spem Nos Vetat Incohare Longam,https://www.poetryfoundation.org/poems/44367/vitae-summa-brevis-spem-nos-vetat-incohare-longam,4,"They are not long, the days of wine and roses:",roses:,noses:,roses:,,,,,FALSE,NOUN
ernest-dowson-vitae-summa-brevis-spem-nos-vetat-incohare-longam,01-01-2026,Ernest Dowson,TRUE,Vitae Summa Brevis Spem Nos Vetat Incohare Longam,https://www.poetryfoundation.org/poems/44367/vitae-summa-brevis-spem-nos-vetat-incohare-longam,5,Out of a misty dream,dream,dream,seem,beam,seam,steam,theme,FALSE,NOUN
ernest-dowson-vitae-summa-brevis-spem-nos-vetat-incohare-longam,01-01-2026,Ernest Dowson,TRUE,Vitae Summa Brevis Spem Nos Vetat Incohare Longam,https://www.poetryfoundation.org/poems/44367/vitae-summa-brevis-spem-nos-vetat-incohare-longam,6,"Our path emerges for a while, then closes",closes,,,,,,,TRUE,VERB
ernest-dowson-vitae-summa-brevis-spem-nos-vetat-incohare-longam,01-01-2026,Ernest Dowson,TRUE,Vitae Summa Brevis Spem Nos Vetat Incohare Longam,https://www.poetryfoundation.org/poems/44367/vitae-summa-brevis-spem-nos-vetat-incohare-longam,7,Within a dream.,dream.,beam.,steam.,seam.,dream.,stream.,scheme.,FALSE,NOUN
geoffrey-chaucer-the-canterbury-tales-prologue,02-05-2026,Geoffrey Chaucer,TRUE,"The Canterbury Tales,https://www.poetryfoundation.org/poems/43926/the-canterbury-tales-general-prologue,,0,"Whan that Aprille with his shoures soote,","soote,",,,,,,,TRUE,VERB
geoffrey-chaucer-the-canterbury-tales-prologue,02-05-2026,Geoffrey Chaucer,TRUE,"The Canterbury Tales,https://www.poetryfoundation.org/poems/43926/the-canterbury-tales-general-prologue,,1,"The droghte of March hath perced to the roote,","roote,",,,,,,,TRUE,NOUN
geoffrey-chaucer-the-canterbury-tales-prologue,02-05-2026,Geoffrey Chaucer,TRUE,"The Canterbury Tales,https://www.poetryfoundation.org/poems/43926/the-canterbury-tales-general-prologue,,2,And bathed every veyne in swich licóur,licóur,,,,,,,TRUE,NOUN
geoffrey-chaucer-the-canterbury-tales-prologue,02-05-2026,Geoffrey Chaucer,TRUE,"The Canterbury Tales,https://www.poetryfoundation.org/poems/43926/the-canterbury-tales-general-prologue,,3,Of which vertú engendred is the flour;,flour;,tower;,shower;,flower;,power;,hour;,flour;,FALSE,NOUN
geoffrey-chaucer-the-canterbury-tales-prologue,02-05-2026,Geoffrey Chaucer,TRUE,"The Canterbury Tales,https://www.poetryfoundation.org/poems/43926/the-canterbury-tales-general-prologue,,4,Whan Zephirus eek with his swete breeth,breeth,,,,,,,TRUE,NOUN
geoffrey-chaucer-the-canterbury-tales-prologue,02-05-2026,Geoffrey Chaucer,TRUE,"The Canterbury Tales,https://www.poetryfoundation.org/poems/43926/the-canterbury-tales-general-prologue,,5,Inspired hath in every holt and heeth,heeth,,,,,,,TRUE,NOUN
geoffrey-chaucer-the-canterbury-tales-prologue,02-05-2026,Geoffrey Chaucer,TRUE,"The Canterbury Tales,https://www.poetryfoundation.org/poems/43926/the-canterbury-tales-general-prologue,,6,"The tendre croppes, and the yonge sonne",sonne,spahn,sonne,han,juan,con,,FALSE,NOUN
geoffrey-chaucer-the-canterbury-tales-prologue,02-05-2026,Geoffrey Chaucer,TRUE,"The Canterbury Tales,https://www.poetryfoundation.org/poems/43926/the-canterbury-tales-general-prologue,,7,"Hath in the Ram his halfe cours y-ronne,","y-ronne,",,,,,,,TRUE,NOUN
gerard-manley-hopkins-gods-grandeur,02-03-2026,Gerard Manley Hopkins,TRUE,God's Grandeur,https://www.poetryfoundation.org/poems/44395/gods-grandeur,0,The world is charged with the grandeur of God.,God.,Squad.,God.,Odd.,Cod.,Nod.,,FALSE,NOUN
gerard-manley-hopkins-gods-grandeur,02-03-2026,Gerard Manley Hopkins,TRUE,God's Grandeur,https://www.poetryfoundation.org/poems/44395/gods-grandeur,1,"    It will flame out, like shining from shook foil;",foil;,foil;,boil;,coil;,,,,FALSE,NOUN
gerard-manley-hopkins-gods-grandeur,02-03-2026,Gerard Manley Hopkins,TRUE,God's Grandeur,https://www.poetryfoundation.org/poems/44395/gods-grandeur,2,"    It gathers to a greatness, like the ooze of oil",oil,oil,boil,coil,,,,FALSE,NOUN
gerard-manley-hopkins-gods-grandeur,02-03-2026,Gerard Manley Hopkins,TRUE,God's Grandeur,https://www.poetryfoundation.org/poems/44395/gods-grandeur,3,Crushed. Why do men then now not reck his rod?,rod?,nod?,squad?,rod?,odd?,cod?,,FALSE,NOUN
gerard-manley-hopkins-gods-grandeur,02-03-2026,Gerard Manley Hopkins,TRUE,God's Grandeur,https://www.poetryfoundation.org/poems/44395/gods-grandeur,4,"Generations have trod, have trod, have trod;",trod;,cod;,odd;,squad;,nod;,trod;,,FALSE,NOUN
gerard-manley-hopkins-gods-grandeur,02-03-2026,Gerard Manley Hopkins,TRUE,God's Grandeur,https://www.poetryfoundation.org/poems/44395/gods-grandeur,5,"    And all is seared with trade; bleared, smeared with toil;",toil;,toil;,coil;,boil;,,,,FALSE,NOUN
gerard-manley-hopkins-gods-grandeur,02-03-2026,Gerard Manley Hopkins,TRUE,God's Grandeur,https://www.poetryfoundation.org/poems/44395/gods-grandeur,6,And wears man's smudge and shares man's smell: the soil,soil,coil,boil,soil,,,,FALSE,NOUN
gerard-manley-hopkins-gods-grandeur,02-03-2026,Gerard Manley Hopkins,TRUE,God's Grandeur,https://www.poetryfoundation.org/poems/44395/gods-grandeur,7,"Is bare now, nor can foot feel, being shod.",shod.,,,,,,,TRUE,ADJ
gwendolyn-brooks-the-bean-eaters,01-30-2026,Gwendolyn Brooks,TRUE,The Bean Eaters,https://www.poetryfoundation.org/poems/43315/the-bean-eaters,0,"They eat beans mostly, this old yellow pair.   ",pair.,wear.,pair.,flair.,chair.,tear.,herr.,FALSE,NOUN
gwendolyn-brooks-the-bean-eaters,01-30-2026,Gwendolyn Brooks,TRUE,The Bean Eaters,https://www.poetryfoundation.org/poems/43315/the-bean-eaters,1,Dinner is a casual affair.,affair.,compare.,despair.,unfair.,declare.,affair.,,FALSE,NOUN
gwendolyn-brooks-the-bean-eaters,01-30-2026,Gwendolyn Brooks,TRUE,The Bean Eaters,https://www.poetryfoundation.org/poems/43315/the-bean-eaters,2,"Plain chipware on a plain and creaking wood,   ","wood,","hood,","wood,","you'd,","stood,",,,FALSE,NOUN
gwendolyn-brooks-the-bean-eaters,01-30-2026,Gwendolyn Brooks,TRUE,The Bean Eaters,https://www.poetryfoundation.org/poems/43315/the-bean-eaters,3,Tin flatware.,flatware.,hardware.,warfare.,nightmare.,flatware.,welfare.,,FALSE,NOUN
gwendolyn-brooks-the-bean-eaters,01-30-2026,Gwendolyn Brooks,TRUE,The Bean Eaters,https://www.poetryfoundation.org/poems/43315/the-bean-eaters,4,Two who are Mostly Good.,Good.,,,,,,,TRUE,ADJ
gwendolyn-brooks-the-bean-eaters,01-30-2026,Gwendolyn Brooks,TRUE,The Bean Eaters,https://www.poetryfoundation.org/poems/43315/the-bean-eaters,5,"Two who have lived their day,","day,","kay,","pay,","day,","jay,","prey,","clay,",FALSE,NOUN
gwendolyn-brooks-the-bean-eaters,01-30-2026,Gwendolyn Brooks,TRUE,The Bean Eaters,https://www.poetryfoundation.org/poems/43315/the-bean-eaters,6,But keep on putting on their clothes,clothes,,,,,,,TRUE,NOUN
gwendolyn-brooks-the-bean-eaters,01-30-2026,Gwendolyn Brooks,TRUE,The Bean Eaters,https://www.poetryfoundation.org/poems/43315/the-bean-eaters,7,And putting things away.,away.,,,,,,,TRUE,ADV
john-donne-a-valediction-forbidding-mourning,01-04-2026,John Donne,FALSE,A Valediction: Forbidding Mourning,https://www.poetryfoundation.org/poems/44131/a-valediction-forbidding-mourning,0,"Our two souls therefore, which are one,","one,",,,,,,,TRUE,OTHER
john-donne-a-valediction-forbidding-mourning,01-04-2026,John Donne,FALSE,A Valediction: Forbidding Mourning,https://www.poetryfoundation.org/poems/44131/a-valediction-forbidding-mourning,1,"   Though I must go, endure not yet",yet,,,,,,,TRUE,ADV
john-donne-a-valediction-forbidding-mourning,01-04-2026,John Donne,FALSE,A Valediction: Forbidding Mourning,https://www.poetryfoundation.org/poems/44131/a-valediction-forbidding-mourning,2,"A breach, but an expansion,","expansion,",,,,,,,TRUE,NOUN
john-donne-a-valediction-forbidding-mourning,01-04-2026,John Donne,FALSE,A Valediction: Forbidding Mourning,https://www.poetryfoundation.org/poems/44131/a-valediction-forbidding-mourning,3,Like gold to airy thinness beat.,beat.,greet.,pete.,fleet.,meet.,treat.,beat.,FALSE,NOUN
john-donne-a-valediction-forbidding-mourning,01-04-2026,John Donne,FALSE,A Valediction: Forbidding Mourning,https://www.poetryfoundation.org/poems/44131/a-valediction-forbidding-mourning,4,"If they be two, they are two so",so,,,,,,,TRUE,OTHER
john-donne-a-valediction-forbidding-mourning,01-04-2026,John Donne,FALSE,A Valediction: Forbidding Mourning,https://www.poetryfoundation.org/poems/44131/a-valediction-forbidding-mourning,5,As stiff twin compasses are two;,two;,you;,two;,through;,,,,FALSE,OTHER
john-donne-a-valediction-forbidding-mourning,01-04-2026,John Donne,FALSE,A Valediction: Forbidding Mourning,https://www.poetryfoundation.org/poems/44131/a-valediction-forbidding-mourning,6,"Thy soul, the fixed foot, makes no show",show,show,sew,flow,blow,dough,woe,FALSE,NOUN
john-donne-a-valediction-forbidding-mourning,01-04-2026,John Donne,FALSE,A Valediction: Forbidding Mourning,https://www.poetryfoundation.org/poems/44131/a-valediction-forbidding-mourning,7,"   To move, but doth, if the other do.",do.,grew.,do.,,,,,FALSE,VERB
john-donne-a-valediction-forbidding-mourning,01-04-2026,John Donne,FALSE,A Valediction: Forbidding Mourning,https://www.poetryfoundation.org/poems/44131/a-valediction-forbidding-mourning,8,"And though it in the center sit,","sit,","hit,","bit,","sit,","fit,","split,","quit,",FALSE,NOUN
john-donne-a-valediction-forbidding-mourning,01-04-2026,John Donne,FALSE,A Valediction: Forbidding Mourning,https://www.poetryfoundation.org/poems/44131/a-valediction-forbidding-mourning,9,"   Yet when the other far doth roam,","roam,","rome,","roam,","dome,","comb,","foam,",,FALSE,NOUN
john-donne-a-valediction-forbidding-mourning,01-04-2026,John Donne,FALSE,A Valediction: Forbidding Mourning,https://www.poetryfoundation.org/poems/44131/a-valediction-forbidding-mourning,10,"It leans and hearkens after it,","it,",,,,,,,TRUE,OTHER
john-donne-a-valediction-forbidding-mourning,01-04-2026,John Donne,FALSE,A Valediction: Forbidding Mourning,https://www.poetryfoundation.org/poems/44131/a-valediction-forbidding-mourning,11,"   And grows erect, as that comes home.",home.,rome.,comb.,dome.,foam.,home.,,FALSE,NOUN
john-donne-a-valediction-forbidding-mourning,01-04-2026,John Donne,FALSE,A Valediction: Forbidding Mourning,https://www.poetryfoundation.org/poems/44131/a-valediction-forbidding-mourning,12,"Such wilt thou be to me, who must,","must,",,,,,,,TRUE,OTHER
john-donne-a-valediction-forbidding-mourning,01-04-2026,John Donne,FALSE,A Valediction: Forbidding Mourning,https://www.poetryfoundation.org/poems/44131/a-valediction-forbidding-mourning,13,"   Like th' other foot, obliquely run;",run;,run;,done;,,,,,FALSE,VERB
john-donne-a-valediction-forbidding-mourning,01-04-2026,John Donne,FALSE,A Valediction: Forbidding Mourning,https://www.poetryfoundation.org/poems/44131/a-valediction-forbidding-mourning,14,"Thy firmness makes my circle just,","just,",,,,,,,TRUE,ADV
john-donne-a-valediction-forbidding-mourning,01-04-2026,John Donne,FALSE,A Valediction: Forbidding Mourning,https://www.poetryfoundation.org/poems/44131/a-valediction-forbidding-mourning,15,And makes me end where I begun.,begun.,,,,,,,TRUE,VERB
john-donne-holy-sonnets-death-be-not-proud,02-01-2026,John Donne,FALSE,"Holy Sonnets: Death,https://www.poetryfoundation.org/poems/44107/holy-sonnets-death-be-not-proud,,0,"Death, be not proud, though some have called thee",thee,tea,thee,fee,tree,cod,key,FALSE,NOUN
john-donne-holy-sonnets-death-be-not-proud,02-01-2026,John Donne,FALSE,"Holy Sonnets: Death,https://www.poetryfoundation.org/poems/44107/holy-sonnets-death-be-not-proud,,1,"Mighty and dreadful, for thou art not so;",so;,,,,,,,TRUE,ADV
john-donne-holy-sonnets-death-be-not-proud,02-01-2026,John Donne,FALSE,"Holy Sonnets: Death,https://www.poetryfoundation.org/poems/44107/holy-sonnets-death-be-not-proud,,2,For those whom thou think'st thou dost overthrow,overthrow,tokyo,angelo,cicero,staccato,overthrow,tobacco,FALSE,NOUN
john-donne-holy-sonnets-death-be-not-proud,02-01-2026,John Donne,FALSE,"Holy Sonnets: Death,https://www.poetryfoundation.org/poems/44107/holy-sonnets-death-be-not-proud,,3,"Die not, poor Death, nor yet canst thou kill me.",me.,she.,three.,me.,,,,FALSE,OTHER
john-donne-holy-sonnets-death-be-not-proud,02-01-2026,John Donne,FALSE,"Holy Sonnets: Death,https://www.poetryfoundation.org/poems/44107/holy-sonnets-death-be-not-proud,,4,"From rest and sleep, which but thy pictures be,","be,","be,","see,",,,,,FALSE,VERB
john-donne-holy-sonnets-death-be-not-proud,02-01-2026,John Donne,FALSE,"Holy Sonnets: Death,https://www.poetryfoundation.org/poems/44107/holy-sonnets-death-be-not-proud,,5,"Much pleasure; then from thee much more must flow,","flow,","flow,","know,","slow,",,,,FALSE,VERB
john-donne-holy-sonnets-death-be-not-proud,02-01-2026,John Donne,FALSE,"Holy Sonnets: Death,https://www.poetryfoundation.org/poems/44107/holy-sonnets-death-be-not-proud,,6,"And soonest our best men with thee do go,","go,","know,","go,","slow,",,,,FALSE,VERB
john-donne-holy-sonnets-death-be-not-proud,02-01-2026,John Donne,FALSE,"Holy Sonnets: Death,https://www.poetryfoundation.org/poems/44107/holy-sonnets-death-be-not-proud,,7,"Rest of their bones, and soul's delivery.",delivery.,,,,,,,TRUE,NOUN
john-keats-ode-on-a-grecian-urn,01-25-2026,John Keats,FALSE,Ode on a Grecian Urn,https://www.poetryfoundation.org/poems/44477/ode-on-a-grecian-urn,0,"Thou, silent form, dost tease us out of thought",thought,fought,taut,thought,taught,caught,bought,FALSE,NOUN
john-keats-ode-on-a-grecian-urn,01-25-2026,John Keats,FALSE,Ode on a Grecian Urn,https://www.poetryfoundation.org/poems/44477/ode-on-a-grecian-urn,1,As doth eternity: Cold Pastoral!,Pastoral!,,,,,,,TRUE,NOUN
john-keats-ode-on-a-grecian-urn,01-25-2026,John Keats,FALSE,Ode on a Grecian Urn,https://www.poetryfoundation.org/poems/44477/ode-on-a-grecian-urn,2,"         When old age shall this generation waste,","waste,","paste,","haste,","waist,","taste,","waste,",,FALSE,NOUN
john-keats-ode-on-a-grecian-urn,01-25-2026,John Keats,FALSE,Ode on a Grecian Urn,https://www.poetryfoundation.org/poems/44477/ode-on-a-grecian-urn,3,"                Thou shalt remain, in midst of other woe",woe,coe,throw,bow,owe,woe,row,FALSE,NOUN
john-keats-ode-on-a-grecian-urn,01-25-2026,John Keats,FALSE,Ode on a Grecian Urn,https://www.poetryfoundation.org/poems/44477/ode-on-a-grecian-urn,4,"Than ours, a friend to man, to whom thou say'st,","say'st,",,,,,,,TRUE,NOUN
john-keats-ode-on-a-grecian-urn,01-25-2026,John Keats,FALSE,Ode on a Grecian Urn,https://www.poetryfoundation.org/poems/44477/ode-on-a-grecian-urn,5,"         ""Beauty is truth, truth beauty,—that is all",all,,,,,,,TRUE,OTHER
john-keats-ode-on-a-grecian-urn,01-25-2026,John Keats,FALSE,Ode on a Grecian Urn,https://www.poetryfoundation.org/poems/44477/ode-on-a-grecian-urn,6,"                Ye know on earth, and all ye need to know.",know.,know.,slow.,,,,,FALSE,VERB
lewis-carroll-the-jabberwocky,01-31-2026,Lewis Carroll,FALSE,The Jabberwocky,https://www.poetryfoundation.org/poems/42916/jabberwocky,0,"’Twas brillig, and the slithy toves",toves,woves,toves,doves,,,,FALSE,NOUN
lewis-carroll-the-jabberwocky,01-31-2026,Lewis Carroll,FALSE,The Jabberwocky,https://www.poetryfoundation.org/poems/42916/jabberwocky,1,Did gyre and gimble in the wabe:,wabe:,wabe:,nave:,fave:,,,,TRUE,NOUN
lewis-carroll-the-jabberwocky,01-31-2026,Lewis Carroll,FALSE,The Jabberwocky,https://www.poetryfoundation.org/poems/42916/jabberwocky,2,"All mimsy were the borogoves,","borogoves,","hollow groves,","falafoves,","borogoves,",,,,TRUE,NOUN
lewis-carroll-the-jabberwocky,01-31-2026,Lewis Carroll,FALSE,The Jabberwocky,https://www.poetryfoundation.org/poems/42916/jabberwocky,3,And the mome raths outgrabe.,outgrabe.,,,,,,,TRUE,OTHER
lewis-carroll-the-jabberwocky,01-31-2026,Lewis Carroll,FALSE,The Jabberwocky,https://www.poetryfoundation.org/poems/42916/jabberwocky,4,"“Beware the Jabberwock, my son!",son!,son!,little one!,won!,sun!,,,FALSE,NOUN
lewis-carroll-the-jabberwocky,01-31-2026,Lewis Carroll,FALSE,The Jabberwocky,https://www.poetryfoundation.org/poems/42916/jabberwocky,5,"      The jaws that bite, the claws that catch!",catch!,patch!,latch!,scratch!,batch!,catch!,hatch!,FALSE,NOUN
lord-byron-she-walks-in-beauty,02-04-2026,Lord Byron,FALSE,She Walks in Beauty,https://www.poetryfoundation.org/poems/43844/she-walks-in-beauty,0,"She walks in beauty, like the night",night,dwight,right,plight,night,height,slight,FALSE,NOUN
lord-byron-she-walks-in-beauty,02-04-2026,Lord Byron,FALSE,She Walks in Beauty,https://www.poetryfoundation.org/poems/43844/she-walks-in-beauty,1,Of cloudless climes and starry skies;,skies;,skies;,ties;,buys;,dies;,prize;,guys;,FALSE,NOUN
lord-byron-she-walks-in-beauty,02-04-2026,Lord Byron,FALSE,She Walks in Beauty,https://www.poetryfoundation.org/poems/43844/she-walks-in-beauty,2,And all that’s best of dark and bright,bright,spite,bite,sight,knight,flight,bright,FALSE,NOUN
lord-byron-she-walks-in-beauty,02-04-2026,Lord Byron,FALSE,She Walks in Beauty,https://www.poetryfoundation.org/poems/43844/she-walks-in-beauty,3,Meet in her aspect and her eyes;,eyes;,guise;,cries;,eyes;,buys;,prize;,thighs;,FALSE,NOUN
lord-byron-she-walks-in-beauty,02-04-2026,Lord Byron,FALSE,She Walks in Beauty,https://www.poetryfoundation.org/poems/43844/she-walks-in-beauty,4,Thus mellowed to that tender light,light,fight,slight,rite,plight,flight,light,FALSE,NOUN
lord-byron-she-walks-in-beauty,02-04-2026,Lord Byron,FALSE,She Walks in Beauty,https://www.poetryfoundation.org/poems/43844/she-walks-in-beauty,5,Which heaven to gaudy day denies.,denies.,replies.,comprise.,applies.,advise.,denies.,,FALSE,NOUN
paul-laurence-dunbar-sympathy,01-03-2026,Paul Laurence Dunbar,FALSE,Sympathy,https://www.poetryfoundation.org/poems/46459/sympathy-56d22658afbc0,0,"I know why the caged bird sings, ah me,","me,","three,","me,","she,",,,,FALSE,OTHER
paul-laurence-dunbar-sympathy,01-03-2026,Paul Laurence Dunbar,FALSE,Sympathy,https://www.poetryfoundation.org/poems/46459/sympathy-56d22658afbc0,1,"    When his wing is bruised and his bosom sore,—","sore,—","roar,—","shore,—","door,—","sore,—","floor,—","score,—",FALSE,NOUN
paul-laurence-dunbar-sympathy,01-03-2026,Paul Laurence Dunbar,FALSE,Sympathy,https://www.poetryfoundation.org/poems/46459/sympathy-56d22658afbc0,2,When he beats his bars and he would be free;,free;,,,,,,,TRUE,ADJ
paul-laurence-dunbar-sympathy,01-03-2026,Paul Laurence Dunbar,FALSE,Sympathy,https://www.poetryfoundation.org/poems/46459/sympathy-56d22658afbc0,3,"It is not a carol of joy or glee,","glee,","tee,","knee,","bee,","fee,","cod,","glee,",FALSE,NOUN
paul-laurence-dunbar-sympathy,01-03-2026,Paul Laurence Dunbar,FALSE,Sympathy,https://www.poetryfoundation.org/poems/46459/sympathy-56d22658afbc0,4,"    But a prayer that he sends from his heart’s deep core,   ","core,","store,","thor,","drawer,","roar,","core,","corps,",FALSE,NOUN
paul-laurence-dunbar-sympathy,01-03-2026,Paul Laurence Dunbar,FALSE,Sympathy,https://www.poetryfoundation.org/poems/46459/sympathy-56d22658afbc0,5,"But a plea, that upward to Heaven he flings—",flings—,,,,,,,TRUE,VERB
paul-laurence-dunbar-sympathy,01-03-2026,Paul Laurence Dunbar,FALSE,Sympathy,https://www.poetryfoundation.org/poems/46459/sympathy-56d22658afbc0,6,I know why the caged bird sings!,sings!,things!,springs!,king's!,brings!,wings!,sings!,FALSE,NOUN
percy-shelley-ozymandias,01-27-2026,Percy Shelley,FALSE,Ozymandias,https://www.poetryfoundation.org/poems/46565/ozymandias,0,"I met a traveller from an antique land,","land,","brand,","land,","band,","strand,","gland,",,FALSE,NOUN
percy-shelley-ozymandias,01-27-2026,Percy Shelley,FALSE,Ozymandias,https://www.poetryfoundation.org/poems/46565/ozymandias,1,Who said—“Two vast and trunkless legs of stone,stone,zone,stone,joan,tone,bone,grown,FALSE,NOUN
percy-shelley-ozymandias,01-27-2026,Percy Shelley,FALSE,Ozymandias,https://www.poetryfoundation.org/poems/46565/ozymandias,2,"Stand in the desert. . . . Near them, on the sand,","sand,","sand,","gland,","band,","strand,","brand,",,FALSE,NOUN
percy-shelley-ozymandias,01-27-2026,Percy Shelley,FALSE,Ozymandias,https://www.poetryfoundation.org/poems/46565/ozymandias,3,"Half sunk a shattered visage lies, whose frown,","frown,",,,,,,,TRUE,ADJ
percy-shelley-ozymandias,01-27-2026,Percy Shelley,FALSE,Ozymandias,https://www.poetryfoundation.org/poems/46565/ozymandias,4,"And wrinkled lip, and sneer of cold command,","command,","demand,","command,","expand,",,,,FALSE,NOUN
percy-shelley-ozymandias,01-27-2026,Percy Shelley,FALSE,Ozymandias,https://www.poetryfoundation.org/poems/46565/ozymandias,5,Tell that its sculptor well those passions read,read,shed,read,fled,fred,ted,sped,FALSE,VERB
percy-shelley-ozymandias,01-27-2026,Percy Shelley,FALSE,Ozymandias,https://www.poetryfoundation.org/poems/46565/ozymandias,6,"Which yet survive, stamped on these lifeless things,","things,","brings,","things,","sings,","king's,","springs,",,FALSE,NOUN
percy-shelley-ozymandias,01-27-2026,Percy Shelley,FALSE,Ozymandias,https://www.poetryfoundation.org/poems/46565/ozymandias,7,"The hand that mocked them, and the heart that fed;",fed;,led;,sped;,ted;,fred;,fed;,fled;,FALSE,VERB
percy-shelley-ozymandias,01-27-2026,Percy Shelley,FALSE,Ozymandias,https://www.poetryfoundation.org/poems/46565/ozymandias,8,"And on the pedestal, these words appear:",appear:,,,,,,,TRUE,VERB
percy-shelley-ozymandias,01-27-2026,Percy Shelley,FALSE,Ozymandias,https://www.poetryfoundation.org/poems/46565/ozymandias,9,"My name is Ozymandias, King of Kings;",Kings;,Kings;,King'S;,Sings;,Springs;,Rings;,,FALSE,NOUN
percy-shelley-ozymandias,01-27-2026,Percy Shelley,FALSE,Ozymandias,https://www.poetryfoundation.org/poems/46565/ozymandias,10,"Look on my Works, ye Mighty, and despair!",despair!,unfair!,prepare!,affair!,declare!,despair!,,FALSE,NOUN
robert-browning-my-last-duchess,02-06-2026,Robert Browning,FALSE,My Last Duchess,https://www.poetryfoundation.org/poems/43768/my-last-duchess,0,"That’s my last Duchess painted on the wall,","wall,","haul,","wall,","squall,","paul,","ball,","rall,",FALSE,NOUN
robert-browning-my-last-duchess,02-06-2026,Robert Browning,FALSE,My Last Duchess,https://www.poetryfoundation.org/poems/43768/my-last-duchess,1,Looking as if she were alive. I call,call,,,,,,,TRUE,VERB
robert-browning-my-last-duchess,02-06-2026,Robert Browning,FALSE,My Last Duchess,https://www.poetryfoundation.org/poems/43768/my-last-duchess,2,"That piece a wonder, now; Fra Pandolf’s hands",hands,bands,glands,sands,hands,lands,,FALSE,NOUN
robert-browning-my-last-duchess,02-06-2026,Robert Browning,FALSE,My Last Duchess,https://www.poetryfoundation.org/poems/43768/my-last-duchess,3,"Worked busily a day, and there she stands.",stands.,,,,,,,TRUE,VERB
robert-browning-my-last-duchess,02-06-2026,Robert Browning,FALSE,My Last Duchess,https://www.poetryfoundation.org/poems/43768/my-last-duchess,4,Will’t please you sit and look at her? I said,said,fled,said,fred,ted,led,sped,FALSE,VERB
robert-browning-my-last-duchess,02-06-2026,Robert Browning,FALSE,My Last Duchess,https://www.poetryfoundation.org/poems/43768/my-last-duchess,5,"“Fra Pandolf” by design, for never read",read,fred,led,fled,read,shed,ted,FALSE,VERB
robert-browning-my-last-duchess,02-06-2026,Robert Browning,FALSE,My Last Duchess,https://www.poetryfoundation.org/poems/43768/my-last-duchess,6,"Strangers like you that pictured countenance,","countenance,",,,,,,,TRUE,NOUN
robert-browning-my-last-duchess,02-06-2026,Robert Browning,FALSE,My Last Duchess,https://www.poetryfoundation.org/poems/43768/my-last-duchess,7,"The depth and passion of its earnest glance,","glance,","chance,","glance,","dance,","stance,","france,",,FALSE,NOUN
robert-browning-my-last-duchess,02-06-2026,Robert Browning,FALSE,My Last Duchess,https://www.poetryfoundation.org/poems/43768/my-last-duchess,8,But to myself they turned (since none puts by,by,by,why,,,,,FALSE,OTHER
robert-browning-my-last-duchess,02-06-2026,Robert Browning,FALSE,My Last Duchess,https://www.poetryfoundation.org/poems/43768/my-last-duchess,9,"The curtain I have drawn for you, but I)",I),Why),I),,,,,FALSE,OTHER
robert-frost-stopping-by-woods-on-a-snowy-evening,12-28-2025,Robert Frost,FALSE,Stopping By Woods on a Snowy Evening,https://www.poetryfoundation.org/poems/42891/stopping-by-woods-on-a-snowy-evening,0,He gives his harness bells a shake,shake,sake,shake,lake,jake,wake,cake,FALSE,NOUN
robert-frost-stopping-by-woods-on-a-snowy-evening,12-28-2025,Robert Frost,FALSE,Stopping By Woods on a Snowy Evening,https://www.poetryfoundation.org/poems/42891/stopping-by-woods-on-a-snowy-evening,1,To ask if there is some mistake.,mistake.,opaque.,mistake.,awake.,,,,FALSE,NOUN
robert-frost-stopping-by-woods-on-a-snowy-evening,12-28-2025,Robert Frost,FALSE,Stopping By Woods on a Snowy Evening,https://www.poetryfoundation.org/poems/42891/stopping-by-woods-on-a-snowy-evening,2,The only other sound's the sweep,sweep,jeep,sweep,steep,heap,creep,cheap,FALSE,NOUN
robert-frost-stopping-by-woods-on-a-snowy-evening,12-28-2025,Robert Frost,FALSE,Stopping By Woods on a Snowy Evening,https://www.poetryfoundation.org/poems/42891/stopping-by-woods-on-a-snowy-evening,3,Of easy wind and downy flake.,flake.,steak.,blake.,flake.,wake.,sake.,snake.,FALSE,NOUN
robert-frost-stopping-by-woods-on-a-snowy-evening,12-28-2025,Robert Frost,FALSE,Stopping By Woods on a Snowy Evening,https://www.poetryfoundation.org/poems/42891/stopping-by-woods-on-a-snowy-evening,4,"The woods are lovely, dark and deep.",deep.,,,,,,,TRUE,ADJ
robert-frost-stopping-by-woods-on-a-snowy-evening,12-28-2025,Robert Frost,FALSE,Stopping By Woods on a Snowy Evening,https://www.poetryfoundation.org/poems/42891/stopping-by-woods-on-a-snowy-evening,5,"But I have promises to keep,","keep,",,,,,,,TRUE,VERB
robert-frost-stopping-by-woods-on-a-snowy-evening,12-28-2025,Robert Frost,FALSE,Stopping By Woods on a Snowy Evening,https://www.poetryfoundation.org/poems/42891/stopping-by-woods-on-a-snowy-evening,6,"And miles to go before I sleep,","sleep,",,,,,,,TRUE,VERB
robert-frost-stopping-by-woods-on-a-snowy-evening,12-28-2025,Robert Frost,FALSE,Stopping By Woods on a Snowy Evening,https://www.poetryfoundation.org/poems/42891/stopping-by-woods-on-a-snowy-evening,7,And miles to go before I sleep.,sleep.,,,,,,,TRUE,VERB
samuel-taylor-coleridge-the-rime-of-the-ancient-mariner,01-19-2026,Samuel Taylor Coleridge,FALSE,The Rime of the Ancient Mariner,https://www.poetryfoundation.org/poems/43997/the-rime-of-the-ancient-mariner-text-of-1834,0,"Water, water, every where,","where,","where,","their,",,,,,FALSE,OTHER
samuel-taylor-coleridge-the-rime-of-the-ancient-mariner,01-19-2026,Samuel Taylor Coleridge,FALSE,The Rime of the Ancient Mariner,https://www.poetryfoundation.org/poems/43997/the-rime-of-the-ancient-mariner-text-of-1834,1,And all the boards did shrink;,shrink;,,,,,,,TRUE,VERB
samuel-taylor-coleridge-the-rime-of-the-ancient-mariner,01-19-2026,Samuel Taylor Coleridge,FALSE,The Rime of the Ancient Mariner,https://www.poetryfoundation.org/poems/43997/the-rime-of-the-ancient-mariner-text-of-1834,2,"Water, water, every where,","where,","where,","their,",,,,,FALSE,OTHER
samuel-taylor-coleridge-the-rime-of-the-ancient-mariner,01-19-2026,Samuel Taylor Coleridge,FALSE,The Rime of the Ancient Mariner,https://www.poetryfoundation.org/poems/43997/the-rime-of-the-ancient-mariner-text-of-1834,3,Nor any drop to drink.,drink.,,,,,,,TRUE,VERB
samuel-taylor-coleridge-the-rime-of-the-ancient-mariner,01-19-2026,Samuel Taylor Coleridge,FALSE,The Rime of the Ancient Mariner,https://www.poetryfoundation.org/poems/43997/the-rime-of-the-ancient-mariner-text-of-1834,4,The very deep did rot: O Christ!,Christ!,,,,,,,TRUE,NOUN
samuel-taylor-coleridge-the-rime-of-the-ancient-mariner,01-19-2026,Samuel Taylor Coleridge,FALSE,The Rime of the Ancient Mariner,https://www.poetryfoundation.org/poems/43997/the-rime-of-the-ancient-mariner-text-of-1834,5,That ever this should be!,be!,see!,be!,,,,,FALSE,VERB
samuel-taylor-coleridge-the-rime-of-the-ancient-mariner,01-19-2026,Samuel Taylor Coleridge,FALSE,The Rime of the Ancient Mariner,https://www.poetryfoundation.org/poems/43997/the-rime-of-the-ancient-mariner-text-of-1834,6,"Yea, slimy things did crawl with legs",legs,legs,eggs,greg's,,,,FALSE,NOUN
samuel-taylor-coleridge-the-rime-of-the-ancient-mariner,01-19-2026,Samuel Taylor Coleridge,FALSE,The Rime of the Ancient Mariner,https://www.poetryfoundation.org/poems/43997/the-rime-of-the-ancient-mariner-text-of-1834,7,Upon the slimy sea.,sea.,ski.,bee.,lee.,knee.,sea.,plea.,FALSE,NOUN
ts-eliot-the-love-song-of-j-alfred-prufrock,01-28-2026,T.S. Eliot,FALSE,The Love Song of J. Alfred Prufrock,https://www.poetryfoundation.org/poetrymagazine/poems/44212/the-love-song-of-j-alfred-prufrock,0,I grow old ... I grow old ...,...,,,,,,,TRUE,ADJ
ts-eliot-the-love-song-of-j-alfred-prufrock,01-28-2026,T.S. Eliot,FALSE,The Love Song of J. Alfred Prufrock,https://www.poetryfoundation.org/poetrymagazine/poems/44212/the-love-song-of-j-alfred-prufrock,1,I shall wear the bottoms of my trousers rolled.,rolled.,sold.,rolled.,,,,,FALSE,VERB
ts-eliot-the-love-song-of-j-alfred-prufrock,01-28-2026,T.S. Eliot,FALSE,The Love Song of J. Alfred Prufrock,https://www.poetryfoundation.org/poetrymagazine/poems/44212/the-love-song-of-j-alfred-prufrock,2,Shall I part my hair behind?   Do I dare to eat a peach?,peach?,teach?,speech?,peach?,beech?,reach?,preach?,FALSE,NOUN
ts-eliot-the-love-song-of-j-alfred-prufrock,01-28-2026,T.S. Eliot,FALSE,The Love Song of J. Alfred Prufrock,https://www.poetryfoundation.org/poetrymagazine/poems/44212/the-love-song-of-j-alfred-prufrock,3,"I shall wear white flannel trousers, and walk upon the beach.",beach.,breach.,teach.,speech.,reach.,beach.,preach.,FALSE,NOUN
ts-eliot-the-love-song-of-j-alfred-prufrock,01-28-2026,T.S. Eliot,FALSE,The Love Song of J. Alfred Prufrock,https://www.poetryfoundation.org/poetrymagazine/poems/44212/the-love-song-of-j-alfred-prufrock,4,"I have heard the mermaids singing, each to each.",each.,,,,,,,TRUE,OTHER
ts-eliot-the-love-song-of-j-alfred-prufrock,01-28-2026,T.S. Eliot,FALSE,The Love Song of J. Alfred Prufrock,https://www.poetryfoundation.org/poetrymagazine/poems/44212/the-love-song-of-j-alfred-prufrock,5,I do not think that they will sing to me.,me.,me.,three.,she.,,,,FALSE,OTHER
ts-eliot-the-love-song-of-j-alfred-prufrock,01-28-2026,T.S. Eliot,FALSE,The Love Song of J. Alfred Prufrock,https://www.poetryfoundation.org/poetrymagazine/poems/44212/the-love-song-of-j-alfred-prufrock,6,I have seen them riding seaward on the waves,waves,caves,saves,waves,slaves,graves,,FALSE,NOUN
wh-auden-twelve-songs-ix,02-08-2026,W.H. Auden,FALSE,Twelve Songs: IX,https://www.poetryfoundation.org/poems/53579/twelve-songs-ix,0,"Stop all the clocks, cut off the telephone,","telephone,","baritone,","telephone,",,,,,FALSE,NOUN
wh-auden-twelve-songs-ix,02-08-2026,W.H. Auden,FALSE,Twelve Songs: IX,https://www.poetryfoundation.org/poems/53579/twelve-songs-ix,1,"Prevent the dog from barking with a juicy bone,","bone,","prone,","blown,","shone,","bone,","thrown,","cone,",FALSE,NOUN
wh-auden-twelve-songs-ix,02-08-2026,W.H. Auden,FALSE,Twelve Songs: IX,https://www.poetryfoundation.org/poems/53579/twelve-songs-ix,2,Silence the pianos and with muffled drum,drum,plumb,thumb,hum,drum,slum,dumb,FALSE,NOUN
wh-auden-twelve-songs-ix,02-08-2026,W.H. Auden,FALSE,Twelve Songs: IX,https://www.poetryfoundation.org/poems/53579/twelve-songs-ix,3,"Bring out the coffin, let the mourners come.",come.,,,,,,,TRUE,VERB
wh-auden-twelve-songs-ix,02-08-2026,W.H. Auden,FALSE,Twelve Songs: IX,https://www.poetryfoundation.org/poems/53579/twelve-songs-ix,4,Let aeroplanes circle moaning overhead,overhead,,,,,,,TRUE,ADJ
wh-auden-twelve-songs-ix,02-08-2026,W.H. Auden,FALSE,Twelve Songs: IX,https://www.poetryfoundation.org/poems/53579/twelve-songs-ix,5,Scribbling on the sky the message He Is Dead,Dead,Dead,Red,,,,,FALSE,ADJ
walt-whitman-o-captain-my-captain,01-14-2026,Walt Whitman,FALSE,O Captain! My Captain!,https://www.poetryfoundation.org/poems/45474/o-captain-my-captain,0,"O Captain! my Captain! our fearful trip is done,","done,","done,","run,",,,,,FALSE,VERB
walt-whitman-o-captain-my-captain,01-14-2026,Walt Whitman,FALSE,O Captain! My Captain!,https://www.poetryfoundation.org/poems/45474/o-captain-my-captain,1,"The ship has weather’d every rack, the prize we sought is won,","won,","won,","run,",,,,,FALSE,VERB
walt-whitman-o-captain-my-captain,01-14-2026,Walt Whitman,FALSE,O Captain! My Captain!,https://www.poetryfoundation.org/poems/45474/o-captain-my-captain,2,"The port is near, the bells I hear, the people all exulting,","exulting,","exulting,","consulting,","resulting,",,,,FALSE,VERB
walt-whitman-o-captain-my-captain,01-14-2026,Walt Whitman,FALSE,O Captain! My Captain!,https://www.poetryfoundation.org/poems/45474/o-captain-my-captain,3,"While follow eyes the steady keel, the vessel grim and daring;",daring;,daring;,bearing;,,,,,FALSE,NOUN
walt-whitman-o-captain-my-captain,01-14-2026,Walt Whitman,FALSE,O Captain! My Captain!,https://www.poetryfoundation.org/poems/45474/o-captain-my-captain,4,But O heart! heart! heart!,heart!,chart!,part!,start!,art!,heart!,smart!,FALSE,NOUN
walt-whitman-o-captain-my-captain,01-14-2026,Walt Whitman,FALSE,O Captain! My Captain!,https://www.poetryfoundation.org/poems/45474/o-captain-my-captain,5,"                            O the bleeding drops of red,","red,",,,,,,,TRUE,ADJ
walt-whitman-o-captain-my-captain,01-14-2026,Walt Whitman,FALSE,O Captain! My Captain!,https://www.poetryfoundation.org/poems/45474/o-captain-my-captain,6,"                               Where on the deck my Captain lies,","lies,","dies,","cries,","lies,","tries,","guys,","flies,",FALSE,NOUN
walt-whitman-o-captain-my-captain,01-14-2026,Walt Whitman,FALSE,O Captain! My Captain!,https://www.poetryfoundation.org/poems/45474/o-captain-my-captain,7,Fallen cold and dead.,dead.,,,,,,,TRUE,ADJ
william-blake-the-tyger,01-10-2026,William Blake,FALSE,The Tyger,https://www.poetryfoundation.org/poems/43687/the-tyger,0,"Tyger Tyger, burning bright,","bright,","plight,","spite,","height,","fight,","bright,","dwight,",FALSE,NOUN
william-blake-the-tyger,01-10-2026,William Blake,FALSE,The Tyger,https://www.poetryfoundation.org/poems/43687/the-tyger,1,In the forests of the night;,night;,right;,site;,slight;,rite;,fight;,night;,FALSE,NOUN
william-blake-the-tyger,01-10-2026,William Blake,FALSE,The Tyger,https://www.poetryfoundation.org/poems/43687/the-tyger,2,"What immortal hand or eye,","eye,","tie,","sky,","sigh,","cry,","lie,","eye,",FALSE,NOUN
william-blake-the-tyger,01-10-2026,William Blake,FALSE,The Tyger,https://www.poetryfoundation.org/poems/43687/the-tyger,3,Could frame thy fearful symmetry?,symmetry?,,,,,,,TRUE,NOUN
william-blake-the-tyger,01-10-2026,William Blake,FALSE,The Tyger,https://www.poetryfoundation.org/poems/43687/the-tyger,4,In what distant deeps or skies.,skies.,guys.,guise.,skies.,tries.,flies.,rise.,FALSE,NOUN
william-blake-the-tyger,01-10-2026,William Blake,FALSE,The Tyger,https://www.poetryfoundation.org/poems/43687/the-tyger,5,Burnt the fire of thine eyes?,eyes?,flies?,prize?,eyes?,buys?,ties?,rise?,FALSE,NOUN
william-blake-the-tyger,01-10-2026,William Blake,FALSE,The Tyger,https://www.poetryfoundation.org/poems/43687/the-tyger,6,On what wings dare he aspire?,aspire?,,,,,,,TRUE,VERB
william-blake-the-tyger,01-10-2026,William Blake,FALSE,The Tyger,https://www.poetryfoundation.org/poems/43687/the-tyger,7,"What the hand, dare seize the fire?",fire?,choir?,retire?,hire?,fire?,tire?,wire?,FALSE,NOUN
william-blake-the-lamb,01-12-2026,William Blake,FALSE,The Lamb,https://www.poetryfoundation.org/poems/43670/the-lamb,0,Little Lamb who made thee,thee,mee,sea,thee,tea,plea,tee,FALSE,NOUN
william-blake-the-lamb,01-12-2026,William Blake,FALSE,The Lamb,https://www.poetryfoundation.org/poems/43670/the-lamb,1,Dost thou know who made thee,thee,tee,lee,key,thee,tree,knee,FALSE,NOUN
william-blake-the-lamb,01-12-2026,William Blake,FALSE,The Lamb,https://www.poetryfoundation.org/poems/43670/the-lamb,2,Gave thee life & bid thee feed.,feed.,feed.,fried.,,,,,FALSE,VERB
william-blake-the-lamb,01-12-2026,William Blake,FALSE,The Lamb,https://www.poetryfoundation.org/poems/43670/the-lamb,3,By the stream & o'er the mead;,mead;,breed;,plead;,he'd;,deed;,mead;,heed;,FALSE,NOUN
william-blake-the-lamb,01-12-2026,William Blake,FALSE,The Lamb,https://www.poetryfoundation.org/poems/43670/the-lamb,4,"Gave thee clothing of delight,","delight,","delight,","polite,","invite,","outright,","tonight,",,FALSE,NOUN
william-blake-the-lamb,01-12-2026,William Blake,FALSE,The Lamb,https://www.poetryfoundation.org/poems/43670/the-lamb,5,Softest clothing wooly bright;,bright;,,,,,,,TRUE,VERB
william-blake-the-lamb,01-12-2026,William Blake,FALSE,The Lamb,https://www.poetryfoundation.org/poems/43670/the-lamb,6,"Gave thee such a tender voice,","voice,","joyce,","voice,","choice,",,,,FALSE,NOUN
william-blake-the-lamb,01-12-2026,William Blake,FALSE,The Lamb,https://www.poetryfoundation.org/poems/43670/the-lamb,7,Making all the vales rejoice!,rejoice!,,,,,,,TRUE,NOUN
william-shakespeare-shall-i-compare-thee-to-a-summers-day,02-09-2026,William Shakespeare,FALSE,Shall I compare thee to a summer’s day?,https://www.poetryfoundation.org/poems/45087/sonnet-18-shall-i-compare-thee-to-a-summers-day,0,Shall I compare thee to a summer’s day?,day?,hay?,hey?,ole?,prey?,lay?,day?,FALSE,NOUN
william-shakespeare-shall-i-compare-thee-to-a-summers-day,02-09-2026,William Shakespeare,FALSE,Shall I compare thee to a summer’s day?,https://www.poetryfoundation.org/poems/45087/sonnet-18-shall-i-compare-thee-to-a-summers-day,1,Thou art more lovely and more temperate:,temperate:,,,,,,,TRUE,NOUN
william-shakespeare-shall-i-compare-thee-to-a-summers-day,02-09-2026,William Shakespeare,FALSE,Shall I compare thee to a summer’s day?,https://www.poetryfoundation.org/poems/45087/sonnet-18-shall-i-compare-thee-to-a-summers-day,2,"Rough winds do shake the darling buds of May,","May,","Pay,","Ray,","Way,","Sway,","May,","Prey,",FALSE,NOUN
william-shakespeare-shall-i-compare-thee-to-a-summers-day,02-09-2026,William Shakespeare,FALSE,Shall I compare thee to a summer’s day?,https://www.poetryfoundation.org/poems/45087/sonnet-18-shall-i-compare-thee-to-a-summers-day,3,And summer’s lease hath all too short a date;,date;,state;,plate;,weight;,fate;,gate;,date;,FALSE,NOUN
william-shakespeare-shall-i-compare-thee-to-a-summers-day,02-09-2026,William Shakespeare,FALSE,Shall I compare thee to a summer’s day?,https://www.poetryfoundation.org/poems/45087/sonnet-18-shall-i-compare-thee-to-a-summers-day,4,"Sometime too hot the eye of heaven shines,","shines,","signs,","kinds,","wines,","shines,","lines,","mines,",FALSE,NOUN
william-shakespeare-shall-i-compare-thee-to-a-summers-day,02-09-2026,William Shakespeare,FALSE,Shall I compare thee to a summer’s day?,https://www.poetryfoundation.org/poems/45087/sonnet-18-shall-i-compare-thee-to-a-summers-day,5,And often is his gold complexion dimm'd;,dimm'd;,,,,,,,TRUE,NOUN
william-shakespeare-shall-i-compare-thee-to-a-summers-day,02-09-2026,William Shakespeare,FALSE,Shall I compare thee to a summer’s day?,https://www.poetryfoundation.org/poems/45087/sonnet-18-shall-i-compare-thee-to-a-summers-day,6,"And every fair from fair sometime declines,","declines,","declines,","combines,","defines,","designs,","confines,",,FALSE,NOUN
william-shakespeare-shall-i-compare-thee-to-a-summers-day,02-09-2026,William Shakespeare,FALSE,Shall I compare thee to a summer’s day?,https://www.poetryfoundation.org/poems/45087/sonnet-18-shall-i-compare-thee-to-a-summers-day,7,By chance or nature’s changing course untrimm'd;,untrimm'd;,,,,,,,TRUE,ADJ
william-wordsworth-i-wandered-lonely-as-a-cloud,01-21-2026,William Wordsworth,FALSE,I wandered Lonely as a Cloud,https://www.poetryfoundation.org/poems/45521/i-wandered-lonely-as-a-cloud,0,I wandered lonely as a cloud,cloud,loud,cloud,vowed,proud,,,FALSE,NOUN
william-wordsworth-i-wandered-lonely-as-a-cloud,01-21-2026,William Wordsworth,FALSE,I wandered Lonely as a Cloud,https://www.poetryfoundation.org/poems/45521/i-wandered-lonely-as-a-cloud,1,"That floats on high o'er vales and hills,","hills,","fills,","pills,","bills,","hills,","mills,","skills,",FALSE,NOUN
william-wordsworth-i-wandered-lonely-as-a-cloud,01-21-2026,William Wordsworth,FALSE,I wandered Lonely as a Cloud,https://www.poetryfoundation.org/poems/45521/i-wandered-lonely-as-a-cloud,2,"When all at once I saw a crowd,","crowd,","proud,","vowed,","loud,","crowd,",,,FALSE,NOUN
william-wordsworth-i-wandered-lonely-as-a-cloud,01-21-2026,William Wordsworth,FALSE,I wandered Lonely as a Cloud,https://www.poetryfoundation.org/poems/45521/i-wandered-lonely-as-a-cloud,3,"A host, of golden daffodils;",daffodils;,,,,,,,TRUE,NOUN
william-wordsworth-i-wandered-lonely-as-a-cloud,01-21-2026,William Wordsworth,FALSE,I wandered Lonely as a Cloud,https://www.poetryfoundation.org/poems/45521/i-wandered-lonely-as-a-cloud,4,"Beside the lake, beneath the trees,","trees,","knees,","cheese,","keys,","trees,","she's,","frieze,",FALSE,NOUN
william-wordsworth-i-wandered-lonely-as-a-cloud,01-21-2026,William Wordsworth,FALSE,I wandered Lonely as a Cloud,https://www.poetryfoundation.org/poems/45521/i-wandered-lonely-as-a-cloud,5,Fluttering and dancing in the breeze.,breeze.,he's.,breeze.,ease.,knees.,tease.,seas.,FALSE,NOUN
the-beatles-all-you-need-is-love,02-07-2026,The Beatles,FALSE,All You Need Is Love,,0,There's nothing you can do that can't be done,done,run,done,,,,,FALSE,VERB
the-beatles-all-you-need-is-love,02-07-2026,The Beatles,FALSE,All You Need Is Love,,1,Nothing you can sing that can't be sung,sung,,,,,,,TRUE,VERB
the-beatles-all-you-need-is-love,02-07-2026,The Beatles,FALSE,All You Need Is Love,,2,"Nothing you can say, but you can learn",learn,,,,,,,TRUE,VERB
the-beatles-all-you-need-is-love,02-07-2026,The Beatles,FALSE,All You Need Is Love,,3,How to play the game,game,dame,claim,aim,blame,name,game,FALSE,NOUN
the-beatles-all-you-need-is-love,02-07-2026,The Beatles,FALSE,All You Need Is Love,,4,It's easy,easy,,,,,,,TRUE,ADJ
adrienne-rich-aunt-jennifers-tigers,01-26-2026,Adrienne Rich,FALSE,Aunt Jennifer's Tigers,https://www.poetryfoundation.org/poems/42495/aunt-jennifers-tigers,0,"Aunt Jennifer's tigers prance across a screen,","screen,","jean,","screen,","dean,","clean,","queen,","mean,",FALSE,NOUN
adrienne-rich-aunt-jennifers-tigers,01-26-2026,Adrienne Rich,FALSE,Aunt Jennifer's Tigers,https://www.poetryfoundation.org/poems/42495/aunt-jennifers-tigers,1,Bright topaz denizens of a world of green.,green.,,,,,,,TRUE,ADJ
adrienne-rich-aunt-jennifers-tigers,01-26-2026,Adrienne Rich,FALSE,Aunt Jennifer's Tigers,https://www.poetryfoundation.org/poems/42495/aunt-jennifers-tigers,2,They do not fear the men beneath the tree;,tree;,sea;,tree;,lee;,plea;,cod;,knee;,FALSE,NOUN
adrienne-rich-aunt-jennifers-tigers,01-26-2026,Adrienne Rich,FALSE,Aunt Jennifer's Tigers,https://www.poetryfoundation.org/poems/42495/aunt-jennifers-tigers,3,They pace in sleek chivalric certainty.,certainty.,,,,,,,TRUE,NOUN
adrienne-rich-aunt-jennifers-tigers,01-26-2026,Adrienne Rich,FALSE,Aunt Jennifer's Tigers,https://www.poetryfoundation.org/poems/42495/aunt-jennifers-tigers,4,Aunt Jennifer's finger fluttering through her wool,wool,bull,wool,,,,,FALSE,NOUN
adrienne-rich-aunt-jennifers-tigers,01-26-2026,Adrienne Rich,FALSE,Aunt Jennifer's Tigers,https://www.poetryfoundation.org/poems/42495/aunt-jennifers-tigers,5,Find even the ivory needle hard to pull.,pull.,,,,,,,TRUE,VERB
adrienne-rich-aunt-jennifers-tigers,01-26-2026,Adrienne Rich,FALSE,Aunt Jennifer's Tigers,https://www.poetryfoundation.org/poems/42495/aunt-jennifers-tigers,6,The massive weight of Uncle's wedding band,band,band,sand,strand,stand,brand,land,FALSE,NOUN
adrienne-rich-aunt-jennifers-tigers,01-26-2026,Adrienne Rich,FALSE,Aunt Jennifer's Tigers,https://www.poetryfoundation.org/poems/42495/aunt-jennifers-tigers,7,Sits heavily upon Aunt Jennifer's hand.,hand.,stand.,sand.,land.,strand.,hand.,brand.,FALSE,NOUN
seamus-heaney-digging,01-20-2026,Seamus Heaney,FALSE,Digging,https://www.poetryfoundation.org/poems/47555/digging,0,Between my finger and my thumb,thumb,thumb,sum,dumb,slum,plumb,hum,FALSE,NOUN
seamus-heaney-digging,01-20-2026,Seamus Heaney,FALSE,Digging,https://www.poetryfoundation.org/poems/47555/digging,1,The squat pen rests; snug as a gun.,gun.,son.,ton.,fun.,spun.,sun.,gun.,FALSE,NOUN
seamus-heaney-digging,01-20-2026,Seamus Heaney,FALSE,Digging,https://www.poetryfoundation.org/poems/47555/digging,2,"Under my window, a clean rasping sound   ",sound,wound,sound,pound,bound,round,found,FALSE,NOUN
seamus-heaney-digging,01-20-2026,Seamus Heaney,FALSE,Digging,https://www.poetryfoundation.org/poems/47555/digging,3,When the spade sinks into gravelly ground:,ground:,mound:,round:,ground:,bound:,found:,round:,FALSE,NOUN
seamus-heaney-digging,01-20-2026,Seamus Heaney,FALSE,Digging,https://www.poetryfoundation.org/poems/47555/digging,4,"My father, digging. I look down",down,,,,,,,TRUE,ADV
seamus-heaney-digging,01-20-2026,Seamus Heaney,FALSE,Digging,https://www.poetryfoundation.org/poems/47555/digging,5,Till his straining rump among the flowerbeds,flowerbeds,,,,,,,TRUE,NOUN
seamus-heaney-digging,01-20-2026,Seamus Heaney,FALSE,Digging,https://www.poetryfoundation.org/poems/47555/digging,6,"Bends low, comes up twenty years away   ",away,,,,,,,TRUE,ADV
seamus-heaney-digging,01-20-2026,Seamus Heaney,FALSE,Digging,https://www.poetryfoundation.org/poems/47555/digging,7,Stooping in rhythm through potato drills,drills,bill's,pills,kills,drills,ills,mills,FALSE,NOUN
seamus-heaney-digging,01-20-2026,Seamus Heaney,FALSE,Digging,https://www.poetryfoundation.org/poems/47555/digging,8,Where he was digging.,digging.,,,,,,,TRUE,VERB
dylan-thomas-do-not-get-gentle-into-that-good-night,12-26-2025,Dylan Thomas,FALSE,Do Not Get Gentle Into That Good Night,https://www.poetryfoundation.org/poems/46569/do-not-go-gentle-into-that-good-night,0,"Do not go gentle into that good night,","night,","slight,","tight,","plight,","write,","night,","height,",FALSE,NOUN
dylan-thomas-do-not-get-gentle-into-that-good-night,12-26-2025,Dylan Thomas,FALSE,Do Not Get Gentle Into That Good Night,https://www.poetryfoundation.org/poems/46569/do-not-go-gentle-into-that-good-night,1,Old age should burn and rave at close of day;,day;,pray;,spray;,stray;,ray;,day;,hey;,FALSE,NOUN
dylan-thomas-do-not-get-gentle-into-that-good-night,12-26-2025,Dylan Thomas,FALSE,Do Not Get Gentle Into That Good Night,https://www.poetryfoundation.org/poems/46569/do-not-go-gentle-into-that-good-night,2,"Rage, rage against the dying of the light.",light.,tight.,bite.,flight.,cite.,knight.,light.,FALSE,NOUN
dylan-thomas-do-not-get-gentle-into-that-good-night,12-26-2025,Dylan Thomas,FALSE,Do Not Get Gentle Into That Good Night,https://www.poetryfoundation.org/poems/46569/do-not-go-gentle-into-that-good-night,3,"Though wise men at their end know dark is right,","right,","right,","white,",,,,,FALSE,ADJ
dylan-thomas-do-not-get-gentle-into-that-good-night,12-26-2025,Dylan Thomas,FALSE,Do Not Get Gentle Into That Good Night,https://www.poetryfoundation.org/poems/46569/do-not-go-gentle-into-that-good-night,4,Because their words had forked no lightning they,they,they,may,,,,,FALSE,OTHER
dylan-thomas-do-not-get-gentle-into-that-good-night,12-26-2025,Dylan Thomas,FALSE,Do Not Get Gentle Into That Good Night,https://www.poetryfoundation.org/poems/46569/do-not-go-gentle-into-that-good-night,5,Do not go gentle into that good night.,night.,night.,flight.,sight.,cite.,slight.,plight.,FALSE,NOUN
dylan-thomas-do-not-get-gentle-into-that-good-night,12-26-2025,Dylan Thomas,FALSE,Do Not Get Gentle Into That Good Night,https://www.poetryfoundation.org/poems/46569/do-not-go-gentle-into-that-good-night,6,"Good men, the last wave by, crying how bright",bright,white,bright,,,,,FALSE,ADJ
dylan-thomas-do-not-get-gentle-into-that-good-night,12-26-2025,Dylan Thomas,FALSE,Do Not Get Gentle Into That Good Night,https://www.poetryfoundation.org/poems/46569/do-not-go-gentle-into-that-good-night,7,"Their frail deeds might have danced in a green bay,","bay,","shea,","ole,","mae,","bay,","stray,","pay,",FALSE,NOUN
dylan-thomas-do-not-get-gentle-into-that-good-night,12-26-2025,Dylan Thomas,FALSE,Do Not Get Gentle Into That Good Night,https://www.poetryfoundation.org/poems/46569/do-not-go-gentle-into-that-good-night,8,"Rage, rage against the dying of the light.",light.,spite.,fight.,rite.,flight.,light.,sight.,FALSE,NOUN
,,,FALSE,,,,,,,,,,,,,
,,,FALSE,,,,,,,,,,,,,
,,,FALSE,,,,,,,,,,,,,
,,,FALSE,,,,,,,,,,,,,
,,,FALSE,,,,,,,,,,,,,
,,,FALSE,,,,,,,,,,,,,
,,,FALSE,,,,,,,,,,,,,
,,,FALSE,,,,,,,,,,,,,
,,,FALSE,,,,,,,,,,,,,
,,,FALSE,,,,,,,,,,,,,
,,,FALSE,,,,,,,,,,,,,
,,,FALSE,,,,,,,,,,,,,
,,,FALSE,,,,,,,,,,,,,
,,,FALSE,,,,,,,,,,,,,
,,,FALSE,,,,,,,,,,,,,
,,,FALSE,,,,,,,,,,,,,
,,,FALSE,,,,,,,,,,,,,
,,,FALSE,,,,,,,,,,,,,
,,,FALSE,,,,,,,,,,,,,
,,,FALSE,,,,,,,,,,,,,
,,,FALSE,,,,,,,,,,,,,
,,,FALSE,,,,,,,,,,,,,
,,,FALSE,,,,,,,,,,,,,
,,,FALSE,,,,,,,,,,,,,
,,,FALSE,,,,,,,,,,,,,
,,,FALSE,,,,,,,,,,,,,
,,,FALSE,,,,,,,,,,,,,
,,,FALSE,,,,,,,,,,,,,
,,,FALSE,,,,,,,,,,,,,
,,,FALSE,,,,,,,,,,,,,
,,,FALSE,,,,,,,,,,,,,
,,,FALSE,,,,,,,,,,,,,
,,,FALSE,,,,,,,,,,,,,
,,,FALSE,,,,,,,,,,,,,
,,,FALSE,,,,,,,,,,,,,
,,,FALSE,,,,,,,,,,,,,
,,,FALSE,,,,,,,,,,,,,
,,,FALSE,,,,,,,,,,,,,
,,,FALSE,,,,,,,,,,,,,
,,,FALSE,,,,,,,,,,,,,
,,,FALSE,,,,,,,,,,,,,
,,,FALSE,,,,,,,,,,,,,
,,,FALSE,,,,,,,,,,,,,
,,,FALSE,,,,,,,,,,,,,
,,,FALSE,,,,,,,,,,,,,
,,,FALSE,,,,,,,,,,,,,
,,,FALSE,,,,,,,,,,,,,
,,,FALSE,,,,,,,,,,,,,
,,,FALSE,,,,,,,,,,,,,
,,,FALSE,,,,,,,,,,,,,
,,,FALSE,,,,,,,,,,,,,
,,,FALSE,,,,,,,,,,,,,
,,,FALSE,,,,,,,,,,,,,